{"_id": "2018_rb", "year": 2018, "position": "rb", "data": [{"end_plus_minus": 12.291398809523812, "relative_median_value": 2.059354838709677, "end_points_above_median": 10.855357142857143, "beg_plus_minus": 9.12241071428571, "end_avg_pts": 22.9125, "points_above_median": 10.946666666666664, "player": "Todd Gurley (LA, RB)", "pts": 319.2, "availability": 1.0, "auction_value": 106.02355879292402, "plus_minus": 10.751703907203904, "end_points_above_top_qtr": 9.3625, "points_above_top_qtr": 6.766666666666666, "end_pts": 183.3, "id": "00-0032241", "beg_points_above_top_qtr": 3.9017857142857117, "relative_top_qtr_value": 1.4662379421221865, "relative_avg_value": 2.021219750322246, "weeks": 15, "beg_pts": 135.89999999999998, "beg_points_above_median": 8.451785714285712, "beg_avg_pts": 19.41428571428571, "avg_pts": 21.279999999999998}, {"end_plus_minus": 8.164613095238096, "relative_median_value": 1.6606451612903226, "end_points_above_median": 6.728571428571426, "beg_plus_minus": 5.445625, "end_avg_pts": 18.785714285714285, "points_above_median": 6.826666666666666, "player": "Le'Veon Bell (PIT, RB)", "pts": 257.4, "availability": 1.0, "auction_value": 68.94355879292404, "plus_minus": 6.631703907203907, "end_points_above_top_qtr": 5.235714285714284, "points_above_top_qtr": 2.6466666666666683, "end_pts": 131.5, "id": "00-0030496", "beg_points_above_top_qtr": 0.22500000000000142, "relative_top_qtr_value": 1.1823610473128159, "relative_avg_value": 1.6298933700906835, "weeks": 15, "beg_pts": 125.9, "beg_points_above_median": 4.775000000000002, "beg_avg_pts": 15.7375, "avg_pts": 17.16}, {"end_plus_minus": 2.4788988095238107, "relative_median_value": 1.5012903225806449, "end_points_above_median": 1.042857142857141, "beg_plus_minus": 7.333124999999999, "end_avg_pts": 13.1, "points_above_median": 5.179999999999998, "player": "Kareem Hunt (KC, RB)", "pts": 232.7, "availability": 1.0, "auction_value": 56.34681581685742, "plus_minus": 4.985037240537238, "end_points_above_top_qtr": -0.45000000000000107, "points_above_top_qtr": 1.0, "end_pts": 91.7, "id": "00-0033923", "beg_points_above_top_qtr": 2.1125000000000007, "relative_top_qtr_value": 1.0689021589343133, "relative_avg_value": 1.4734894608395572, "weeks": 15, "beg_pts": 141.0, "beg_points_above_median": 6.662500000000001, "beg_avg_pts": 17.625, "avg_pts": 15.513333333333332}, {"end_plus_minus": 2.750327380952381, "relative_median_value": 1.4045161290322579, "end_points_above_median": 1.3142857142857114, "beg_plus_minus": 5.220624999999998, "end_avg_pts": 13.37142857142857, "points_above_median": 4.179999999999998, "player": "Melvin Gordon (SD, RB)", "pts": 217.7, "availability": 1.0, "auction_value": 49.316638917793945, "plus_minus": 3.9850372405372383, "end_points_above_top_qtr": -0.1785714285714306, "points_above_top_qtr": 0.0, "end_pts": 93.6, "id": "00-0032144", "beg_points_above_top_qtr": 0.0, "relative_top_qtr_value": 1.0, "relative_avg_value": 1.3785073297153914, "weeks": 15, "beg_pts": 124.1, "beg_points_above_median": 4.550000000000001, "beg_avg_pts": 15.5125, "avg_pts": 14.513333333333332}, {"end_plus_minus": 5.77889880952381, "relative_median_value": 1.384516129032258, "end_points_above_median": 4.34285714285714, "beg_plus_minus": 1.6224107142857136, "end_avg_pts": 16.4, "points_above_median": 3.9733333333333345, "player": "Mark Ingram (NO, RB)", "pts": 214.60000000000002, "availability": 1.0, "auction_value": 47.922122788761705, "plus_minus": 3.778370573870575, "end_points_above_top_qtr": 2.849999999999998, "points_above_top_qtr": -0.20666666666666345, "end_pts": 131.2, "id": "00-0027966", "beg_points_above_top_qtr": -3.5982142857142847, "relative_top_qtr_value": 0.9857602204869088, "relative_avg_value": 1.358877689283064, "weeks": 15, "beg_pts": 83.4, "beg_points_above_median": 0.951785714285716, "beg_avg_pts": 11.914285714285715, "avg_pts": 14.306666666666668}, {"end_plus_minus": 7.45389880952381, "relative_median_value": 1.3716129032258066, "end_points_above_median": 6.017857142857141, "beg_plus_minus": -0.5775892857142875, "end_avg_pts": 18.075, "points_above_median": 3.8400000000000016, "player": "Alvin Kamara (NO, RB)", "pts": 212.60000000000002, "availability": 1.0, "auction_value": 47.03304890738815, "plus_minus": 3.645037240537242, "end_points_above_top_qtr": 4.524999999999999, "points_above_top_qtr": -0.3399999999999963, "end_pts": 144.6, "id": "00-0033906", "beg_points_above_top_qtr": -5.798214285714286, "relative_top_qtr_value": 0.9765732659623337, "relative_avg_value": 1.3462134051331753, "weeks": 15, "beg_pts": 68.0, "beg_points_above_median": -1.248214285714285, "beg_avg_pts": 9.714285714285714, "avg_pts": 14.173333333333336}, {"end_plus_minus": 2.9288988095238118, "relative_median_value": 1.7537634408602147, "end_points_above_median": 1.492857142857142, "beg_plus_minus": 9.136696428571426, "end_avg_pts": 13.55, "points_above_median": 7.788888888888886, "player": "Ezekiel Elliott (DAL, RB)", "pts": 163.1, "availability": 0.6, "auction_value": 46.1352930974679, "plus_minus": 7.593926129426126, "end_points_above_top_qtr": 0.0, "points_above_top_qtr": 3.608888888888888, "end_pts": 27.1, "id": "00-0033045", "beg_points_above_top_qtr": 3.9160714285714278, "relative_top_qtr_value": 1.2486602357984995, "relative_avg_value": 1.7212872873723806, "weeks": 9, "beg_pts": 136.0, "beg_points_above_median": 8.466071428571428, "beg_avg_pts": 19.428571428571427, "avg_pts": 18.12222222222222}, {"end_plus_minus": 0.2788988095238114, "relative_median_value": 1.4806451612903224, "end_points_above_median": -1.1571428571428584, "beg_plus_minus": 9.408124999999998, "end_avg_pts": 10.9, "points_above_median": 4.966666666666665, "player": "Leonard Fournette (JAC, RB)", "pts": 183.6, "availability": 0.8, "auction_value": 43.8462018730489, "plus_minus": 4.771703907203905, "end_points_above_top_qtr": -2.6500000000000004, "points_above_top_qtr": 0.7866666666666671, "end_pts": 65.4, "id": "00-0033856", "beg_points_above_top_qtr": 4.1875, "relative_top_qtr_value": 1.054203031694993, "relative_avg_value": 1.4532266061997352, "weeks": 12, "beg_pts": 118.19999999999999, "beg_points_above_median": 8.7375, "beg_avg_pts": 19.7, "avg_pts": 15.299999999999999}, {"end_plus_minus": 3.0288988095238096, "relative_median_value": 1.3, "end_points_above_median": 1.5928571428571399, "beg_plus_minus": 2.893839285714284, "end_avg_pts": 13.649999999999999, "points_above_median": 3.0999999999999996, "player": "LeSean McCoy (BUF, RB)", "pts": 201.5, "availability": 1.0, "auction_value": 42.25000000000001, "plus_minus": 2.90503724053724, "end_points_above_top_qtr": 0.09999999999999787, "points_above_top_qtr": -1.0799999999999983, "end_pts": 109.19999999999999, "id": "00-0027029", "beg_points_above_top_qtr": -2.3267857142857142, "relative_top_qtr_value": 0.9255856683509418, "relative_avg_value": 1.2759266281012926, "weeks": 15, "beg_pts": 92.3, "beg_points_above_median": 2.2232142857142865, "beg_avg_pts": 13.185714285714285, "avg_pts": 13.433333333333334}, {"end_plus_minus": 0.7074702380952385, "relative_median_value": 1.1296774193548387, "end_points_above_median": -0.7285714285714313, "beg_plus_minus": 1.6831249999999986, "end_avg_pts": 11.328571428571427, "points_above_median": 1.3399999999999999, "player": "Jordan Howard (CHI, RB)", "pts": 175.1, "availability": 1.0, "auction_value": 31.9042767950052, "plus_minus": 1.1450372405372402, "end_points_above_top_qtr": -2.2214285714285733, "points_above_top_qtr": -2.839999999999998, "end_pts": 79.3, "id": "00-0032780", "beg_points_above_top_qtr": -3.5374999999999996, "relative_top_qtr_value": 0.8043178686265504, "relative_avg_value": 1.108758077322761, "weeks": 15, "beg_pts": 95.8, "beg_points_above_median": 1.012500000000001, "beg_avg_pts": 11.975, "avg_pts": 11.673333333333334}, {"end_plus_minus": -0.8044345238095207, "relative_median_value": 1.0972704714640198, "end_points_above_median": -2.2404761904761905, "beg_plus_minus": 2.3509821428571414, "end_avg_pts": 9.816666666666668,