{"_id": "2018_te", "year": 2018, "position": "te", "data": [{"end_plus_minus": 6.891398809523811, "relative_median_value": 2.078457446808511, "end_points_above_median": 6.716666666666668, "beg_plus_minus": 5.305848214285715, "end_avg_pts": 12.566666666666668, "points_above_median": 6.23846153846154, "player": "Rob Gronkowski (NE, TE)", "pts": 156.3, "availability": 0.8666666666666667, "auction_value": 74.87974620869174, "plus_minus": 6.070754349816853, "end_points_above_top_qtr": 4.7666666666666675, "points_above_top_qtr": 4.896410256410258, "end_pts": 75.4, "id": "00-0027656", "beg_points_above_top_qtr": 3.997142857142859, "relative_top_qtr_value": 1.6870547600201484, "relative_avg_value": 2.01989673360258, "weeks": 13, "beg_pts": 80.9, "beg_points_above_median": 5.62857142857143, "beg_avg_pts": 11.557142857142859, "avg_pts": 12.023076923076925}, {"end_plus_minus": 4.3533035714285715, "relative_median_value": 1.7344858156028369, "end_points_above_median": 4.178571428571428, "beg_plus_minus": 3.7862053571428573, "end_avg_pts": 10.028571428571428, "points_above_median": 4.248717948717949, "player": "Travis Kelce (KC, TE)", "pts": 150.5, "availability": 1.0, "auction_value": 60.16882089054876, "plus_minus": 4.081010760073261, "end_points_above_top_qtr": 2.2285714285714278, "points_above_top_qtr": 2.9066666666666663, "end_pts": 70.2, "id": "00-0030506", "beg_points_above_top_qtr": 2.477500000000002, "relative_top_qtr_value": 1.4078578110383535, "relative_avg_value": 1.685616532008295, "weeks": 15, "beg_pts": 80.30000000000001, "beg_points_above_median": 4.108928571428573, "beg_avg_pts": 10.037500000000001, "avg_pts": 10.033333333333333}, {"end_plus_minus": 2.1647321428571438, "relative_median_value": 1.675531914893617, "end_points_above_median": 1.9900000000000002, "beg_plus_minus": 4.5987053571428556, "end_avg_pts": 7.840000000000001, "points_above_median": 3.907692307692307, "player": "Zach Ertz (PHI, TE)", "pts": 126.0, "availability": 0.8666666666666667, "auction_value": 48.6617247623359, "plus_minus": 3.7399851190476197, "end_points_above_top_qtr": 0.040000000000000036, "points_above_top_qtr": 2.5656410256410247, "end_pts": 39.2, "id": "00-0030061", "beg_points_above_top_qtr": 3.29, "relative_top_qtr_value": 1.3600057566381232, "relative_avg_value": 1.6283236624051507, "weeks": 13, "beg_pts": 86.8, "beg_points_above_median": 4.921428571428571, "beg_avg_pts": 10.85, "avg_pts": 9.692307692307692}, {"end_plus_minus": 1.4997321428571428, "relative_median_value": 1.2631205673758867, "end_points_above_median": 1.3249999999999993, "beg_plus_minus": 1.2058482142857132, "end_avg_pts": 7.175, "points_above_median": 1.522051282051283, "player": "Evan Engram (NYG, TE)", "pts": 109.60000000000001, "availability": 1.0, "auction_value": 31.909471354559642, "plus_minus": 1.3543440934065956, "end_points_above_top_qtr": -0.6250000000000009, "points_above_top_qtr": 0.1800000000000006, "end_pts": 57.4, "id": "00-0033881", "beg_points_above_top_qtr": -0.10285714285714231, "relative_top_qtr_value": 1.0252572497661367, "relative_avg_value": 1.2275320392565392, "weeks": 15, "beg_pts": 52.2, "beg_points_above_median": 1.5285714285714285, "beg_avg_pts": 7.457142857142857, "avg_pts": 7.3066666666666675}, {"end_plus_minus": 1.324732142857143, "relative_median_value": 1.2320035460992909, "end_points_above_median": 1.1499999999999995, "beg_plus_minus": 1.0201339285714273, "end_avg_pts": 7.0, "points_above_median": 1.3420512820512824, "player": "Jimmy Graham (GB, TE)", "pts": 106.9, "availability": 1.0, "auction_value": 30.35665475202455, "plus_minus": 1.174344093406595, "end_points_above_top_qtr": -0.8000000000000007, "points_above_top_qtr": 0.0, "end_pts": 56.0, "id": "00-0027696", "beg_points_above_top_qtr": -0.28857142857142826, "relative_top_qtr_value": 1.0, "relative_avg_value": 1.1972917426690148, "weeks": 15, "beg_pts": 50.9, "beg_points_above_median": 1.3428571428571425, "beg_avg_pts": 7.271428571428571, "avg_pts": 7.126666666666667}, {"end_plus_minus": 2.2961607142857137, "relative_median_value": 1.1628546099290782, "end_points_above_median": 2.12142857142857, "beg_plus_minus": -0.6137946428571439, "end_avg_pts": 7.971428571428571, "points_above_median": 0.942051282051283, "player": "Kyle Rudolph (MIN, TE)", "pts": 100.9, "availability": 1.0, "auction_value": 27.044616876666172, "plus_minus": 0.7743440934065955, "end_points_above_top_qtr": 0.17142857142856993, "points_above_top_qtr": -0.39999999999999947, "end_pts": 55.8, "id": "00-0027981", "beg_points_above_top_qtr": -1.9224999999999994, "relative_top_qtr_value": 0.9438727782974744, "relative_avg_value": 1.130091083585628, "weeks": 15, "beg_pts": 45.1, "beg_points_above_median": -0.29107142857142865, "beg_avg_pts": 5.6375, "avg_pts": 6.7266666666666675}, {"end_plus_minus": 2.1247321428571437, "relative_median_value": 1.1363475177304965, "end_points_above_median": 1.9500000000000002, "beg_plus_minus": -1.0798660714285733, "end_avg_pts": 7.800000000000001, "points_above_median": 0.7887179487179488, "player": "Delanie Walker (TEN, TE)", "pts": 98.6, "availability": 1.0, "auction_value": 25.82571362104522, "plus_minus": 0.6210107600732613, "end_points_above_top_qtr": 0.0, "points_above_top_qtr": -0.5533333333333337, "end_pts": 62.400000000000006, "id": "00-0024389", "beg_points_above_top_qtr": -2.388571428571429, "relative_top_qtr_value": 0.922357343311506, "relative_avg_value": 1.104330830936996, "weeks": 15, "beg_pts": 36.199999999999996, "beg_points_above_median": -0.757142857142858, "beg_avg_pts": 5.171428571428571, "avg_pts": 6.573333333333333}, {"end_plus_minus": 0.7747321428571432, "relative_median_value": 1.1798537234042554, "end_points_above_median": 0.5999999999999996, "beg_plus_minus": 0.9487053571428561, "end_avg_pts": 6.45, "points_above_median": 1.0403846153846157, "player": "Hunter Henry (SD, TE)", "pts": 81.9, "availability": 0.8, "auction_value": 22.272876938094164, "plus_minus": 0.8726774267399282, "end_points_above_top_qtr": -1.3500000000000005, "points_above_top_qtr": -0.30166666666666675, "end_pts": 38.7, "id": "00-0033090", "beg_points_above_top_qtr": -0.35999999999999943, "relative_top_qtr_value": 0.9576707202993452, "relative_avg_value": 1.1466112456102937, "weeks": 12, "beg_pts": 43.2, "beg_points_above_median": 1.2714285714285714, "beg_avg_pts": 7.2, "avg_pts": 6.825}, {"end_plus_minus": -2.312767857142857, "relative_median_value": 1.0533687943262413, "end_points_above_median": -2.4875000000000007, "beg_plus_minus": 2.9629910714285694, "end_avg_pts": 3.3625, "points_above_median": 0.3087179487179492, "player": "Cameron Brate (TB, TE)", "pts": 91.4, "availability": 1.0, "auction_value": 22.191716337206383, "plus_minus": 0.14101076007326174, "end_points_above_top_qtr": -4.437500000000001, "points_above_top_qtr": -1.0333333333333332, "end_pts": 26.9, "id": "00-0031273", "beg_points_above_top_qtr": 1.654285714285714, "relative_top_qtr_value": 0.8550046772684752, "relative_avg_value": 1.0236900400369313, "weeks": 15, "beg_pts": 64.5, "beg_points_above_median": 3.2857142857142847, "beg_avg_pts": 9.214285714285714, "avg_pts": 6.093333333333334}, {"end_plus_minus": -0.9038392857142856, "relative_median_value": 0.9779635258358663, "end_points_above_median": -1.0785714285714292, "beg_plus_minus": 0.2915624999999986, "end_avg_pts": 4.771428571428571, "points_above_median": -0.12747252747252702, "player": "Jack Doyle (IND, TE)", "pts": 79.2, "availability": 0.9333333333333333, "auction_value": 17.853036280152622, "plus_minus": -0.2951797161172145, "end_points_above_top_qtr": -3.0285714285714294, "points_above_top_qtr": -1.4695238095238095, "end_pts": 33.4, "id": "00-0030181", "beg_points_above_top_qtr": -1.017142857142857, "relative_top_qtr_value": 0.7937992783642924, "relative_avg_value": 0.9504093213221901, "weeks": 14, "beg_pts": 45.8, "beg_points_above_median": 0.6142857142857139, "beg_avg_pts": 6.542857142857143, "avg_pts": 5.6571428571428575}, {"end_plus_minus": 0.17473214285714356,