{"_id": "2018_qb", "year": 2018, "position": "qb", "data": [{"end_plus_minus": 3.939946428571428, "relative_median_value": 1.3037025086714527, "end_points_above_median": 3.6900000000000013, "beg_plus_minus": 5.505334821428573, "end_avg_pts": 20.94, "points_above_median": 5.02, "player": "Russell Wilson (SEA, QB)", "pts": 323.24, "availability": 1.0, "auction_value": 33.99280462232478, "plus_minus": 4.705385760073263, "end_points_above_top_qtr": 2.151428571428575, "points_above_top_qtr": 3.1999999999999993, "end_pts": 167.52, "id": "00-0029263", "beg_points_above_top_qtr": 2.315714285714286, "relative_top_qtr_value": 1.1743932567940707, "relative_avg_value": 1.2793517220121908, "weeks": 15, "beg_pts": 155.72, "beg_points_above_median": 7.172380952380953, "beg_avg_pts": 22.245714285714286, "avg_pts": 21.549333333333333}, {"end_plus_minus": 0.7913749999999986, "relative_median_value": 1.1905299669274825, "end_points_above_median": 0.5414285714285718, "beg_plus_minus": 4.589620535714289, "end_avg_pts": 17.791428571428572, "points_above_median": 3.1493333333333347, "player": "Alex Smith (WAS, QB)", "pts": 295.18, "availability": 1.0, "auction_value": 28.34723204304705, "plus_minus": 2.834719093406598, "end_points_above_top_qtr": -0.9971428571428547, "points_above_top_qtr": 1.3293333333333344, "end_pts": 124.53999999999999, "id": "00-0023436", "beg_points_above_top_qtr": 1.4000000000000021, "relative_top_qtr_value": 1.072445865426537, "relative_avg_value": 1.1682930370732536, "weeks": 15, "beg_pts": 170.64000000000001, "beg_points_above_median": 6.2566666666666695, "beg_avg_pts": 21.330000000000002, "avg_pts": 19.67866666666667}, {"end_plus_minus": 4.783946428571426, "relative_median_value": 1.273912422980746, "end_points_above_median": 4.533999999999999, "beg_plus_minus": 3.8621205357142863, "end_avg_pts": 21.784, "points_above_median": 4.527589743589743, "player": "Carson Wentz (PHI, QB)", "pts": 273.74, "availability": 0.8666666666666667, "auction_value": 28.129449598027698, "plus_minus": 4.2129755036630065, "end_points_above_top_qtr": 2.9954285714285724, "points_above_top_qtr": 2.707589743589743, "end_pts": 108.91999999999999, "id": "00-0032950", "beg_points_above_top_qtr": 0.6724999999999994, "relative_top_qtr_value": 1.1475579354521368, "relative_avg_value": 1.2501180608250733, "weeks": 13, "beg_pts": 164.82, "beg_points_above_median": 5.529166666666667, "beg_avg_pts": 20.6025, "avg_pts": 21.056923076923077}, {"end_plus_minus": 4.891375, "relative_median_value": 1.155037509074776, "end_points_above_median": 4.641428571428573, "beg_plus_minus": -0.09787946428571459, "end_avg_pts": 21.891428571428573, "points_above_median": 2.562666666666665, "player": "Cam Newton (CAR, QB)", "pts": 286.38, "availability": 1.0, "auction_value": 26.682232947393267, "plus_minus": 2.2480524267399282, "end_points_above_top_qtr": 3.1028571428571468, "points_above_top_qtr": 0.7426666666666648, "end_pts": 153.24, "id": "00-0027939", "beg_points_above_top_qtr": -3.2875000000000014, "relative_top_qtr_value": 1.0404737683476237, "relative_avg_value": 1.133463513642653, "weeks": 15, "beg_pts": 133.14, "beg_points_above_median": 1.569166666666666, "beg_avg_pts": 16.6425, "avg_pts": 19.092}, {"end_plus_minus": -0.4571964285714287, "relative_median_value": 1.1101072840203274, "end_points_above_median": -0.7071428571428555, "beg_plus_minus": 3.189620535714287, "end_avg_pts": 16.542857142857144, "points_above_median": 1.8200000000000003, "player": "Tom Brady (NE, QB)", "pts": 275.24, "availability": 1.0, "auction_value": 24.64676364069976, "plus_minus": 1.5053857600732634, "end_points_above_top_qtr": -2.245714285714282, "points_above_top_qtr": 0.0, "end_pts": 115.80000000000001, "id": "00-0019596", "beg_points_above_top_qtr": 0.0, "relative_top_qtr_value": 1.0, "relative_avg_value": 1.089372503299825, "weeks": 15, "beg_pts": 159.44, "beg_points_above_median": 4.856666666666667, "beg_avg_pts": 19.93, "avg_pts": 18.349333333333334}, {"end_plus_minus": 0.2499464285714268, "relative_median_value": 1.0893764620472692, "end_points_above_median": 0.0, "beg_plus_minus": 2.1310491071428572, "end_avg_pts": 17.25, "points_above_median": 1.4773333333333305, "player": "Kirk Cousins (MIN, QB)", "pts": 270.09999999999997, "availability": 1.0, "auction_value": 23.734821521252506, "plus_minus": 1.1627190934065936, "end_points_above_top_qtr": -1.5385714285714265, "points_above_top_qtr": -0.3426666666666698, "end_pts": 138.0, "id": "00-0029604", "beg_points_above_top_qtr": -1.0585714285714296, "relative_top_qtr_value": 0.9813253887516348, "relative_avg_value": 1.0690288952960423, "weeks": 15, "beg_pts": 132.1, "beg_points_above_median": 3.7980952380952377, "beg_avg_pts": 18.87142857142857, "avg_pts": 18.006666666666664}, {"end_plus_minus": 5.239946428571429, "relative_median_value": 1.0367830926837138, "end_points_above_median": 4.990000000000002, "beg_plus_minus": -4.067879464285712, "end_avg_pts": 22.240000000000002, "points_above_median": 0.6080000000000005, "player": "Ben Roethlisberger (PIT, QB)", "pts": 257.06, "availability": 1.0, "auction_value": 21.498383625496125, "plus_minus": 0.29338576007326367, "end_points_above_top_qtr": 3.4514285714285755, "points_above_top_qtr": -1.2119999999999997, "end_pts": 155.68, "id": "00-0022924", "beg_points_above_top_qtr": -7.2574999999999985, "relative_top_qtr_value": 0.9339485539892458, "relative_avg_value": 1.0174178742125164, "weeks": 15, "beg_pts": 101.38000000000001, "beg_points_above_median": -2.400833333333331, "beg_avg_pts": 12.672500000000001, "avg_pts": 17.137333333333334}, {"end_plus_minus": 1.7499464285714268, "relative_median_value": 1.0303299185286763, "end_points_above_median": 1.5, "beg_plus_minus": -1.6746651785714288, "end_avg_pts": 18.75, "points_above_median": 0.501333333333335, "player": "Jared Goff (LA, QB)", "pts": 255.46000000000004, "availability": 1.0, "auction_value": 21.231594820306174, "plus_minus": 0.1867190934065981, "end_points_above_top_qtr": -0.03857142857142648, "points_above_top_qtr": -1.3186666666666653, "end_pts": 150.0, "id": "00-0033106", "beg_points_above_top_qtr": -4.864285714285716, "relative_top_qtr_value": 0.9281354454294435, "relative_avg_value": 1.0110852335887708, "weeks": 15, "beg_pts": 105.46, "beg_points_above_median": -0.0076190476190483025, "beg_avg_pts": 15.065714285714284, "avg_pts": 17.03066666666667}, {"end_plus_minus": -0.9275535714285716, "relative_median_value": 1.0031459224005808, "end_points_above_median": -1.1774999999999984, "beg_plus_minus": 0.42247767857142904, "end_avg_pts": 16.0725, "points_above_median": 0.0519999999999996, "player": "Drew Brees (NO, QB)", "pts": 248.72, "availability": 1.0, "auction_value": 20.126034832578238, "plus_minus": -0.26261423992673727, "end_points_above_top_qtr": -2.716071428571425, "points_above_top_qtr": -1.7680000000000007, "end_pts": 128.58, "id": "00-0020531", "beg_points_above_top_qtr": -2.767142857142858, "relative_top_qtr_value": 0.9036477256212759, "relative_avg_value": 0.9844089849612427, "weeks": 15, "beg_pts": 120.14, "beg_points_above_median": 2.0895238095238096, "beg_avg_pts": 17.162857142857142, "avg_pts": 16.581333333333333}, {"end_plus_minus": -4.202553571428574, "relative_median_value": 1.0, "end_points_above_median": -4.452500000000001, "beg_plus_minus": 4.053906250000001, "end_avg_pts": 12.7975, "points_above_median": 0.0, "player": "Dak Prescott (DAL, QB)", "pts": 247.94, "availability": 1.0, "auction_value": 20.0, "plus_minus": -0.31461423992673687, "end_points_above_top_qtr": -5.991071428571427, "points_above_top_qtr": -1.8200000000000003, "end_pts": 102.38, "id": "00-0033077", "beg_points_above_top_qtr": 0.8642857142857139, "relative_top_qtr_value": 0.9008138351983723, "relative_avg_value": 0.9813218226571668, "weeks": 15, "beg_pts": 145.56, "beg_points_above_median": 5.720952380952381, "beg_avg_pts": 20.794285714285714, "avg_pts": 16.529333333333334}, {"end_plus_minus": -0.5400535714285724, "relative_median_value": 0.9862063402436072,