{"_id": "2012_rb", "year": 2012, "position": "rb", "data": [{"end_plus_minus": 14.161547619047623, "relative_median_value": 1.9160611854684517, "end_points_above_median": 13.07619047619048, "beg_plus_minus": 5.979613095238095, "end_avg_pts": 22.842857142857145, "points_above_median": 8.710909090909094, "player": "Adrian Peterson (NO, RB)", "pts": 273.3, "availability": 1.0, "auction_value": 91.7822616614692, "plus_minus": 9.747320804195805, "end_points_above_top_qtr": 9.842857142857145, "points_above_top_qtr": 5.2066666666666706, "end_pts": 159.9, "id": "00-0025394", "beg_points_above_top_qtr": 1.4124999999999996, "relative_top_qtr_value": 1.4001024590163937, "relative_avg_value": 2.150441386831078, "weeks": 15, "beg_pts": 113.4, "beg_points_above_median": 4.015000000000001, "beg_avg_pts": 14.175, "avg_pts": 18.220000000000002}, {"end_plus_minus": 8.806190476190478, "relative_median_value": 1.6868068833652008, "end_points_above_median": 7.720833333333335, "beg_plus_minus": 6.190327380952379, "end_avg_pts": 17.4875, "points_above_median": 6.530909090909091, "player": "Doug Martin (TB, RB)", "pts": 240.6, "availability": 1.0, "auction_value": 71.13293654420555, "plus_minus": 7.567320804195802, "end_points_above_top_qtr": 4.487500000000001, "points_above_top_qtr": 3.0266666666666673, "end_pts": 139.9, "id": "00-0029613", "beg_points_above_top_qtr": 1.6232142857142833, "relative_top_qtr_value": 1.2325819672131149, "relative_avg_value": 1.8931437895044176, "weeks": 15, "beg_pts": 100.69999999999999, "beg_points_above_median": 4.225714285714284, "beg_avg_pts": 14.385714285714284, "avg_pts": 16.04}, {"end_plus_minus": 10.33297619047619, "relative_median_value": 1.6489483747609945, "end_points_above_median": 9.247619047619047, "beg_plus_minus": 4.567113095238096, "end_avg_pts": 19.014285714285712, "points_above_median": 6.170909090909092, "player": "Marshawn Lynch (OAK, RB)", "pts": 235.2, "availability": 1.0, "auction_value": 67.97576856567314, "plus_minus": 7.207320804195803, "end_points_above_top_qtr": 6.0142857142857125, "points_above_top_qtr": 2.666666666666668, "end_pts": 133.1, "id": "00-0025399", "beg_points_above_top_qtr": 0.0, "relative_top_qtr_value": 1.2049180327868854, "relative_avg_value": 1.8506542780192812, "weeks": 15, "beg_pts": 102.10000000000001, "beg_points_above_median": 2.602500000000001, "beg_avg_pts": 12.762500000000001, "avg_pts": 15.68}, {"end_plus_minus": 5.304404761904763, "relative_median_value": 1.409878903760357, "end_points_above_median": 4.21904761904762, "beg_plus_minus": 4.704613095238095, "end_avg_pts": 13.985714285714286, "points_above_median": 3.8975757575757584, "player": "Alfred Morris (DAL, RB)", "pts": 201.1, "availability": 1.0, "auction_value": 49.69396308171265, "plus_minus": 4.933987470862469, "end_points_above_top_qtr": 0.9857142857142858, "points_above_top_qtr": 0.3933333333333344, "end_pts": 97.9, "id": "00-0029141", "beg_points_above_top_qtr": 0.1374999999999993, "relative_top_qtr_value": 1.0302254098360657, "relative_avg_value": 1.5823408814186966, "weeks": 15, "beg_pts": 103.2, "beg_points_above_median": 2.74, "beg_avg_pts": 12.9, "avg_pts": 13.406666666666666}, {"end_plus_minus": 5.218690476190476, "relative_median_value": 1.3895474824729128, "end_points_above_median": 4.133333333333333, "beg_plus_minus": 4.233184523809523, "end_avg_pts": 13.899999999999999, "points_above_median": 3.704242424242425, "player": "Jamaal Charles (DEN, RB)", "pts": 198.2, "availability": 1.0, "auction_value": 48.27105515117025, "plus_minus": 4.740654137529136, "end_points_above_top_qtr": 0.8999999999999986, "points_above_top_qtr": 0.20000000000000107, "end_pts": 111.19999999999999, "id": "00-0026213", "beg_points_above_top_qtr": -0.33392857142857224, "relative_top_qtr_value": 1.0153688524590165, "relative_avg_value": 1.5595224400655676, "weeks": 15, "beg_pts": 87.0, "beg_points_above_median": 2.2685714285714287, "beg_avg_pts": 12.428571428571429, "avg_pts": 13.213333333333333}, {"end_plus_minus": 3.7686904761904767, "relative_median_value": 1.368514977692798, "end_points_above_median": 2.6833333333333336, "beg_plus_minus": 5.461755952380951, "end_avg_pts": 12.45, "points_above_median": 3.504242424242424, "player": "C.J. Spiller (KC, RB)", "pts": 195.2, "availability": 1.0, "auction_value": 46.82083110423799, "plus_minus": 4.540654137529135, "end_points_above_top_qtr": -0.5500000000000007, "points_above_top_qtr": 0.0, "end_pts": 99.6, "id": "00-0027861", "beg_points_above_top_qtr": 0.8946428571428555, "relative_top_qtr_value": 1.0, "relative_avg_value": 1.5359171559071583, "weeks": 15, "beg_pts": 95.6, "beg_points_above_median": 3.4971428571428564, "beg_avg_pts": 13.657142857142857, "avg_pts": 13.013333333333332}, {"end_plus_minus": 3.061547619047621, "relative_median_value": 1.273868706182282, "end_points_above_median": 1.976190476190478, "beg_plus_minus": 4.2421130952380945, "end_avg_pts": 11.742857142857144, "points_above_median": 2.604242424242427, "player": "Frank Gore (IND, RB)", "pts": 181.70000000000002, "availability": 1.0, "auction_value": 40.56853701476303, "plus_minus": 3.640654137529138, "end_points_above_top_qtr": -1.2571428571428562, "points_above_top_qtr": -0.8999999999999968, "end_pts": 82.2, "id": "00-0023500", "beg_points_above_top_qtr": -0.32500000000000107, "relative_top_qtr_value": 0.9308401639344265, "relative_avg_value": 1.4296933771943172, "weeks": 15, "beg_pts": 99.5, "beg_points_above_median": 2.2775, "beg_avg_pts": 12.4375, "avg_pts": 12.113333333333335}, {"end_plus_minus": 2.5686904761904774, "relative_median_value": 1.1943458071565147, "end_points_above_median": 1.4833333333333343, "beg_plus_minus": 3.3046130952380945, "end_avg_pts": 11.25, "points_above_median": 1.8480519480519497, "player": "Matt Forte (NYJ, RB)", "pts": 159.0, "availability": 0.9333333333333333, "auction_value": 33.28411116502142, "plus_minus": 2.8844636613386605, "end_points_above_top_qtr": -1.75, "points_above_top_qtr": -1.6561904761904742, "end_pts": 90.0, "id": "00-0026184", "beg_points_above_top_qtr": -1.262500000000001, "relative_top_qtr_value": 0.8727312646370025, "relative_avg_value": 1.3404429218525225, "weeks": 14, "beg_pts": 69.0, "beg_points_above_median": 1.3399999999999999, "beg_avg_pts": 11.5, "avg_pts": 11.357142857142858}, {"end_plus_minus": 2.543690476190479, "relative_median_value": 1.2877629063097515, "end_points_above_median": 1.4583333333333357, "beg_plus_minus": 4.633184523809522, "end_avg_pts": 11.225000000000001, "points_above_median": 2.7363636363636363, "player": "LeSean McCoy (BUF, RB)", "pts": 134.7, "availability": 0.7333333333333333, "auction_value": 30.402777219234526, "plus_minus": 3.772775349650347, "end_points_above_top_qtr": -1.7749999999999986, "points_above_top_qtr": -0.7678787878787876, "end_pts": 44.900000000000006, "id": "00-0027029", "beg_points_above_top_qtr": 0.06607142857142634, "relative_top_qtr_value": 0.9409929210134128, "relative_avg_value": 1.4452871709716903, "weeks": 11, "beg_pts": 89.8, "beg_points_above_median": 2.6685714285714273, "beg_avg_pts": 12.828571428571427, "avg_pts": 12.245454545454544}, {"end_plus_minus": 2.7386904761904773, "relative_median_value": 1.09631931166348, "end_points_above_median": 1.6533333333333342, "beg_plus_minus": 1.518898809523808, "end_avg_pts": 11.42, "points_above_median": 0.915909090909091, "player": "Darren Sproles (PHI, RB)", "pts": 125.1, "availability": 0.8, "auction_value": 24.038320662525734, "plus_minus": 1.9523208041958018, "end_points_above_top_qtr": -1.58, "points_above_top_qtr": -2.588333333333333, "end_pts": 57.1, "id": "00-0023564", "beg_points_above_top_qtr": -3.0482142857142875, "relative_top_qtr_value": 0.8011014344262295, "relative_avg_value": 1.2304254367570793, "weeks": 12, "beg_pts": 68.0, "beg_points_above_median": -0.4457142857142866, "beg_avg_pts": 9.714285714285714, "avg_pts": 10.424999999999999}, {"end_plus_minus": 4.318690476190477, "relative_median_value": 1.2011897174421078,