{"_id": "2012_te", "year": 2012, "position": "te", "data": [{"end_plus_minus": 11.345089285714284, "relative_median_value": 2.3629893238434163, "end_points_above_median": 11.728571428571428, "beg_plus_minus": 6.732849702380953, "end_avg_pts": 17.4, "points_above_median": 7.660000000000001, "player": "Rob Gronkowski (NE, TE)", "pts": 132.8, "availability": 0.6666666666666666, "auction_value": 74.44958059463954, "plus_minus": 7.582271062271064, "end_points_above_top_qtr": 10.249999999999998, "points_above_top_qtr": 6.500000000000001, "end_pts": 34.8, "id": "00-0027656", "beg_points_above_top_qtr": 5.475, "relative_top_qtr_value": 1.9587020648967552, "relative_avg_value": 2.330753208012961, "weeks": 10, "beg_pts": 98.0, "beg_points_above_median": 6.283333333333334, "beg_avg_pts": 12.25, "avg_pts": 13.280000000000001}, {"end_plus_minus": 3.845089285714285, "relative_median_value": 1.7119979664463647, "end_points_above_median": 4.228571428571429, "beg_plus_minus": 3.7328497023809533, "end_avg_pts": 9.9, "points_above_median": 4.00142857142857, "player": "Jimmy Graham (SEA, TE)", "pts": 134.7, "availability": 0.9333333333333333, "auction_value": 54.710824692841115, "plus_minus": 3.9236996336996333, "end_points_above_top_qtr": 2.75, "points_above_top_qtr": 2.84142857142857, "end_pts": 79.2, "id": "00-0027696", "beg_points_above_top_qtr": 2.4749999999999996, "relative_top_qtr_value": 1.4190897597977241, "relative_avg_value": 1.6886427340756551, "weeks": 14, "beg_pts": 55.5, "beg_points_above_median": 3.283333333333334, "beg_avg_pts": 9.25, "avg_pts": 9.62142857142857}, {"end_plus_minus": 0.8950892857142847, "relative_median_value": 1.3084223013048635, "end_points_above_median": 1.2785714285714285, "beg_plus_minus": 2.297135416666668, "end_avg_pts": 6.95, "points_above_median": 1.7333333333333334, "player": "Jason Witten (DAL, TE)", "pts": 110.3, "availability": 1.0, "auction_value": 34.2393783710383, "plus_minus": 1.6556043956043967, "end_points_above_top_qtr": -0.20000000000000018, "points_above_top_qtr": 0.5733333333333333, "end_pts": 55.6, "id": "00-0022127", "beg_points_above_top_qtr": 1.0392857142857146, "relative_top_qtr_value": 1.0845624385447394, "relative_avg_value": 1.290572684958984, "weeks": 15, "beg_pts": 54.7, "beg_points_above_median": 1.847619047619049, "beg_avg_pts": 7.814285714285715, "avg_pts": 7.3533333333333335}, {"end_plus_minus": 2.607589285714284, "relative_median_value": 1.3048635824436536, "end_points_above_median": 2.991071428571428, "beg_plus_minus": 0.2971354166666682, "end_avg_pts": 8.6625, "points_above_median": 1.713333333333333, "player": "Greg Olsen (CAR, TE)", "pts": 110.0, "availability": 1.0, "auction_value": 34.053379375753714, "plus_minus": 1.6356043956043962, "end_points_above_top_qtr": 1.5124999999999993, "points_above_top_qtr": 0.5533333333333328, "end_pts": 69.3, "id": "00-0025418", "beg_points_above_top_qtr": -0.9607142857142854, "relative_top_qtr_value": 1.0816125860373647, "relative_avg_value": 1.2870625144649885, "weeks": 15, "beg_pts": 40.7, "beg_points_above_median": -0.15238095238095095, "beg_avg_pts": 5.814285714285715, "avg_pts": 7.333333333333333}, {"end_plus_minus": 1.0950892857142849, "relative_median_value": 1.206405693950178, "end_points_above_median": 1.4785714285714286, "beg_plus_minus": 0.83999255952381, "end_avg_pts": 7.15, "points_above_median": 1.1600000000000001, "player": "Jermaine Gresham (ARI, TE)", "pts": 101.7, "availability": 1.0, "auction_value": 29.108293967908207, "plus_minus": 1.0822710622710634, "end_points_above_top_qtr": 0.0, "points_above_top_qtr": 0.0, "end_pts": 57.2, "id": "00-0027873", "beg_points_above_top_qtr": -0.4178571428571436, "relative_top_qtr_value": 1.0, "relative_avg_value": 1.1899477974644486, "weeks": 15, "beg_pts": 44.5, "beg_points_above_median": 0.39047619047619087, "beg_avg_pts": 6.357142857142857, "avg_pts": 6.78}, {"end_plus_minus": 0.6736607142857132, "relative_median_value": 1.2016607354685647, "end_points_above_median": 1.057142857142857, "beg_plus_minus": 1.2578497023809536, "end_avg_pts": 6.728571428571429, "points_above_median": 1.1333333333333329, "player": "Kyle Rudolph (MIN, TE)", "pts": 101.3, "availability": 1.0, "auction_value": 28.87977046333703, "plus_minus": 1.0556043956043961, "end_points_above_top_qtr": -0.4214285714285717, "points_above_top_qtr": -0.026666666666667282, "end_pts": 47.1, "id": "00-0027981", "beg_points_above_top_qtr": 0.0, "relative_top_qtr_value": 0.9960668633235004, "relative_avg_value": 1.185267570139121, "weeks": 15, "beg_pts": 54.2, "beg_points_above_median": 0.8083333333333345, "beg_avg_pts": 6.775, "avg_pts": 6.753333333333333}, {"end_plus_minus": 0.5075892857142845, "relative_median_value": 1.1222674123029994, "end_points_above_median": 0.8910714285714283, "beg_plus_minus": 0.44951636904761916, "end_avg_pts": 6.5625, "points_above_median": 0.6871428571428568, "player": "Antonio Gates (SD, TE)", "pts": 88.3, "availability": 0.9333333333333333, "auction_value": 23.51037070138905, "plus_minus": 0.6094139194139201, "end_points_above_top_qtr": -0.5875000000000004, "points_above_top_qtr": -0.4728571428571433, "end_pts": 52.5, "id": "00-0021547", "beg_points_above_top_qtr": -0.8083333333333345, "relative_top_qtr_value": 0.9302570585756426, "relative_avg_value": 1.1069573379278423, "weeks": 14, "beg_pts": 35.8, "beg_points_above_median": 0.0, "beg_avg_pts": 5.966666666666666, "avg_pts": 6.307142857142857}, {"end_plus_minus": -0.38348214285714377, "relative_median_value": 1.0806642941874258, "end_points_above_median": 0.0, "beg_plus_minus": 0.9078497023809531, "end_avg_pts": 5.671428571428572, "points_above_median": 0.45333333333333314, "player": "Martellus Bennett (GB, TE)", "pts": 91.1, "availability": 1.0, "auction_value": 23.356706334632143, "plus_minus": 0.3756043956043964, "end_points_above_top_qtr": -1.4785714285714286, "points_above_top_qtr": -0.706666666666667, "end_pts": 39.7, "id": "00-0026201", "beg_points_above_top_qtr": -0.35000000000000053, "relative_top_qtr_value": 0.8957718780727629, "relative_avg_value": 1.0659217733432769, "weeks": 15, "beg_pts": 51.4, "beg_points_above_median": 0.4583333333333339, "beg_avg_pts": 6.425, "avg_pts": 6.073333333333333}, {"end_plus_minus": -2.783482142857144, "relative_median_value": 1.0, "end_points_above_median": -2.4000000000000004, "beg_plus_minus": 2.157849702380953, "end_avg_pts": 3.2714285714285714, "points_above_median": 0.0, "player": "Vernon Davis (WAS, TE)", "pts": 84.3, "availability": 1.0, "auction_value": 20.0, "plus_minus": -0.07772893772893674, "end_points_above_top_qtr": -3.878571428571429, "points_above_top_qtr": -1.1600000000000001, "end_pts": 22.9, "id": "00-0024221", "beg_points_above_top_qtr": 0.8999999999999995, "relative_top_qtr_value": 0.8289085545722714, "relative_avg_value": 0.9863579088127139, "weeks": 15, "beg_pts": 61.4, "beg_points_above_median": 1.708333333333334, "beg_avg_pts": 7.675, "avg_pts": 5.62}, {"end_plus_minus": -1.0549107142857155, "relative_median_value": 1.0169723514919244, "end_points_above_median": -0.6714285714285717, "beg_plus_minus": 0.6453497023809529, "end_avg_pts": 5.0, "points_above_median": 0.0953846153846154, "player": "Jared Cook (OAK, TE)", "pts": 74.3, "availability": 0.8666666666666667, "auction_value": 17.92670123744958, "plus_minus": 0.01765567765567866, "end_points_above_top_qtr": -2.1500000000000004, "points_above_top_qtr": -1.0646153846153847, "end_pts": 25.0, "id": "00-0027061", "beg_points_above_top_qtr": -0.6125000000000007, "relative_top_qtr_value": 0.842977081915135, "relative_avg_value": 1.0030987219379228, "weeks": 13, "beg_pts": 49.3, "beg_points_above_median": 0.19583333333333375, "beg_avg_pts": 6.1625, "avg_pts": 5.7153846153846155}, {"end_plus_minus": 1.102232142857142, "relative_median_value": 0.8612099644128114, "end_points_above_median": 1.4857142857142858, "beg_plus_minus": -2.7046502976190467, "end_avg_pts": 7.1571428571428575, "points_above_median": -0.7800000000000002,