{"_id": "2012_qb", "year": 2012, "position": "qb", "data": [{"end_plus_minus": 5.979517857142856, "relative_median_value": 1.3147508633448448, "end_points_above_median": 5.861785714285716, "beg_plus_minus": 5.079486607142854, "end_avg_pts": 21.754285714285714, "points_above_median": 5.104000000000003, "player": "Tom Brady (NE, QB)", "pts": 319.8, "availability": 1.0, "auction_value": 34.5713966533203, "plus_minus": 5.458458333333333, "end_points_above_top_qtr": 2.586785714285714, "points_above_top_qtr": 1.9706666666666663, "end_pts": 152.28, "id": "00-0019596", "beg_points_above_top_qtr": 2.6199999999999974, "relative_top_qtr_value": 1.1018467475192943, "relative_avg_value": 1.3441316391586569, "weeks": 15, "beg_pts": 167.51999999999998, "beg_points_above_median": 5.347499999999995, "beg_avg_pts": 20.939999999999998, "avg_pts": 21.32}, {"end_plus_minus": 3.3927321428571418, "relative_median_value": 1.2980595296826183, "end_points_above_median": 3.275000000000002, "beg_plus_minus": 7.339486607142856, "end_avg_pts": 19.1675, "points_above_median": 4.833333333333336, "player": "Drew Brees (NO, QB)", "pts": 315.74, "availability": 1.0, "auction_value": 33.6991708519972, "plus_minus": 5.187791666666666, "end_points_above_top_qtr": 0.0, "points_above_top_qtr": 1.6999999999999993, "end_pts": 153.34, "id": "00-0020531", "beg_points_above_top_qtr": 4.879999999999999, "relative_top_qtr_value": 1.0878583241455346, "relative_avg_value": 1.3270673037772178, "weeks": 15, "beg_pts": 162.4, "beg_points_above_median": 7.607499999999996, "beg_avg_pts": 23.2, "avg_pts": 21.049333333333333}, {"end_plus_minus": 8.787732142857141, "relative_median_value": 1.2914816641999676, "end_points_above_median": 8.670000000000002, "beg_plus_minus": 0.9452008928571409, "end_avg_pts": 24.5625, "points_above_median": 4.726666666666674, "player": "Cam Newton (CAR, QB)", "pts": 314.14000000000004, "availability": 1.0, "auction_value": 33.35849777929435, "plus_minus": 5.081125000000004, "end_points_above_top_qtr": 5.395, "points_above_top_qtr": 1.5933333333333373, "end_pts": 196.5, "id": "00-0027939", "beg_points_above_top_qtr": -1.514285714285716, "relative_top_qtr_value": 1.082345644983462, "relative_avg_value": 1.3203424425431536, "weeks": 15, "beg_pts": 117.64, "beg_points_above_median": 1.2132142857142814, "beg_avg_pts": 16.805714285714284, "avg_pts": 20.94266666666667}, {"end_plus_minus": 4.153803571428568, "relative_median_value": 1.2881105081401083, "end_points_above_median": 4.036071428571429, "beg_plus_minus": 5.866986607142859, "end_avg_pts": 19.928571428571427, "points_above_median": 4.671999999999997, "player": "Aaron Rodgers (GB, QB)", "pts": 313.31999999999994, "availability": 1.0, "auction_value": 33.18457362361936, "plus_minus": 5.026458333333327, "end_points_above_top_qtr": 0.7610714285714266, "points_above_top_qtr": 1.5386666666666606, "end_pts": 139.5, "id": "00-0023459", "beg_points_above_top_qtr": 3.4075000000000024, "relative_top_qtr_value": 1.0795203969128992, "relative_avg_value": 1.3168959511606948, "weeks": 15, "beg_pts": 173.82000000000002, "beg_points_above_median": 6.135, "beg_avg_pts": 21.727500000000003, "avg_pts": 20.887999999999995}, {"end_plus_minus": 1.8152321428571376, "relative_median_value": 1.19322479855287, "end_points_above_median": 1.697499999999998, "beg_plus_minus": 5.49948660714286, "end_avg_pts": 17.589999999999996, "points_above_median": 3.1333333333333364, "player": "Matt Ryan (ATL, QB)", "pts": 290.24, "availability": 1.0, "auction_value": 28.47570839763074, "plus_minus": 3.4877916666666664, "end_points_above_top_qtr": -1.5775000000000041, "points_above_top_qtr": 0.0, "end_pts": 140.71999999999997, "id": "00-0026143", "beg_points_above_top_qtr": 3.0400000000000027, "relative_top_qtr_value": 1.0, "relative_avg_value": 1.2198898278593138, "weeks": 15, "beg_pts": 149.52, "beg_points_above_median": 5.7675, "beg_avg_pts": 21.360000000000003, "avg_pts": 19.349333333333334}, {"end_plus_minus": 1.672732142857143, "relative_median_value": 1.071863180397961, "end_points_above_median": 1.5550000000000033, "beg_plus_minus": 1.445200892857141, "end_avg_pts": 17.4475, "points_above_median": 1.1653333333333364, "player": "Andrew Luck (IND, QB)", "pts": 260.72, "availability": 1.0, "auction_value": 22.97781354985664, "plus_minus": 1.5197916666666664, "end_points_above_top_qtr": -1.7199999999999989, "points_above_top_qtr": -1.968, "end_pts": 139.58, "id": "00-0029668", "beg_points_above_top_qtr": -1.014285714285716, "relative_top_qtr_value": 0.8982910694597575, "relative_avg_value": 1.0958161380908225, "weeks": 15, "beg_pts": 121.14, "beg_points_above_median": 1.7132142857142814, "beg_avg_pts": 17.305714285714284, "avg_pts": 17.381333333333334}, {"end_plus_minus": 0.1727321428571429, "relative_median_value": 1.0517184673573428, "end_points_above_median": 0.05500000000000327, "beg_plus_minus": 2.459486607142857, "end_avg_pts": 15.947500000000002, "points_above_median": 0.8386666666666684, "player": "Matthew Stafford (DET, QB)", "pts": 255.82, "availability": 1.0, "auction_value": 22.122234691609563, "plus_minus": 1.1931249999999984, "end_points_above_top_qtr": -3.219999999999999, "points_above_top_qtr": -2.294666666666668, "end_pts": 127.58000000000001, "id": "00-0026498", "beg_points_above_top_qtr": 0.0, "relative_top_qtr_value": 0.8814084895259096, "relative_avg_value": 1.0752212505614995, "weeks": 15, "beg_pts": 128.24, "beg_points_above_median": 2.7274999999999974, "beg_avg_pts": 18.32, "avg_pts": 17.054666666666666}, {"end_plus_minus": 6.850946428571426, "relative_median_value": 1.025900345337938, "end_points_above_median": 6.733214285714286, "beg_plus_minus": -4.465513392857144, "end_avg_pts": 22.625714285714285, "points_above_median": 0.4200000000000017, "player": "Russell Wilson (SEA, QB)", "pts": 249.54, "availability": 1.0, "auction_value": 21.04943037129001, "plus_minus": 0.7744583333333317, "end_points_above_top_qtr": 3.458214285714284, "points_above_top_qtr": -2.7133333333333347, "end_pts": 158.38, "id": "00-0029263", "beg_points_above_top_qtr": -6.925000000000001, "relative_top_qtr_value": 0.8597712238147739, "relative_avg_value": 1.0488261702177961, "weeks": 15, "beg_pts": 91.16, "beg_points_above_median": -4.197500000000003, "beg_avg_pts": 11.395, "avg_pts": 16.636}, {"end_plus_minus": 0.46273214285714204, "relative_median_value": 1.0, "end_points_above_median": 0.3450000000000024, "beg_plus_minus": 0.33091517857142705, "end_avg_pts": 16.2375, "points_above_median": 0.0, "player": "Andy Dalton (CIN, QB)", "pts": 243.23999999999998, "availability": 1.0, "auction_value": 20.0, "plus_minus": 0.35445833333333, "end_points_above_top_qtr": -2.9299999999999997, "points_above_top_qtr": -3.1333333333333364, "end_pts": 129.9, "id": "00-0027973", "beg_points_above_top_qtr": -2.12857142857143, "relative_top_qtr_value": 0.8380650496141123, "relative_avg_value": 1.0223470291086667, "weeks": 15, "beg_pts": 113.33999999999999, "beg_points_above_median": 0.5989285714285675, "beg_avg_pts": 16.19142857142857, "avg_pts": 16.215999999999998}, {"end_plus_minus": 0.11773214285713962, "relative_median_value": 0.9518171353395823, "end_points_above_median": 0.0, "beg_plus_minus": -0.9490848214285705, "end_avg_pts": 15.892499999999998, "points_above_median": -0.7813333333333325, "player": "Joe Flacco (BAL, QB)", "pts": 231.51999999999998, "availability": 1.0, "auction_value": 18.119117182520977, "plus_minus": -0.42687500000000256, "end_points_above_top_qtr": -3.275000000000002, "points_above_top_qtr": -3.914666666666669, "end_pts": 127.13999999999999, "id": "00-0026158", "beg_points_above_top_qtr": -3.4085714285714275, "relative_top_qtr_value": 0.7976846747519293, "relative_avg_value": 0.9730874205691438, "weeks": 15, "beg_pts": 104.38000000000001, "beg_points_above_median": -0.6810714285714301, "beg_avg_pts": 14.911428571428573, "avg_pts": 15.434666666666665}, {"end_plus_minus": -1.2427678571428586, "relative_median_value": 1.0284081565531986,