{"_id": "2015_qb", "year": 2015, "position": "qb", "data": [{"end_plus_minus": 3.40482886904762, "relative_median_value": 1.2916923076923077, "end_points_above_median": 1.2571428571428562, "beg_plus_minus": 7.647827380952382, "end_avg_pts": 19.6, "points_above_median": 5.056000000000001, "player": "Andrew Luck (IND, QB)", "pts": 335.84, "availability": 1.0, "auction_value": 33.36938035502959, "plus_minus": 5.692187271062274, "end_points_above_top_qtr": 0.011428571428570677, "points_above_top_qtr": 3.5093333333333376, "end_pts": 137.20000000000002, "id": "00-0029668", "beg_points_above_top_qtr": 5.718571428571433, "relative_top_qtr_value": 1.1858757062146896, "relative_avg_value": 1.3409077964481824, "weeks": 15, "beg_pts": 198.64000000000001, "beg_points_above_median": 8.184285714285718, "beg_avg_pts": 24.830000000000002, "avg_pts": 22.389333333333333}, {"end_plus_minus": 6.493400297619047, "relative_median_value": 1.2603846153846154, "end_points_above_median": 4.345714285714283, "beg_plus_minus": 3.9278273809523796, "end_avg_pts": 22.68857142857143, "points_above_median": 4.513333333333335, "player": "Aaron Rodgers (GB, QB)", "pts": 327.7, "availability": 1.0, "auction_value": 31.771387573964496, "plus_minus": 5.149520604395608, "end_points_above_top_qtr": 3.099999999999998, "points_above_top_qtr": 2.966666666666672, "end_pts": 158.82, "id": "00-0023459", "beg_points_above_top_qtr": 1.9985714285714309, "relative_top_qtr_value": 1.1571327683615822, "relative_avg_value": 1.3084072323013025, "weeks": 15, "beg_pts": 168.88, "beg_points_above_median": 4.464285714285715, "beg_avg_pts": 21.11, "avg_pts": 21.846666666666668}, {"end_plus_minus": 4.534828869047619, "relative_median_value": 1.2282307692307692, "end_points_above_median": 2.3871428571428552, "beg_plus_minus": 4.746398809523807, "end_avg_pts": 20.73, "points_above_median": 3.9559999999999995, "player": "Russell Wilson (SEA, QB)", "pts": 319.34, "availability": 1.0, "auction_value": 30.17101644970414, "plus_minus": 4.592187271062272, "end_points_above_top_qtr": 1.1414285714285697, "points_above_top_qtr": 2.409333333333336, "end_pts": 165.84, "id": "00-0029263", "beg_points_above_top_qtr": 2.8171428571428585, "relative_top_qtr_value": 1.1276129943502826, "relative_avg_value": 1.2750282745288308, "weeks": 15, "beg_pts": 153.5, "beg_points_above_median": 5.282857142857143, "beg_avg_pts": 21.928571428571427, "avg_pts": 21.28933333333333}, {"end_plus_minus": 3.8123288690476187, "relative_median_value": 1.1301538461538463, "end_points_above_median": 1.664642857142855, "beg_plus_minus": 1.9292559523809487, "end_avg_pts": 20.0075, "points_above_median": 2.256000000000004, "player": "Drew Brees (NO, QB)", "pts": 293.84000000000003, "availability": 1.0, "auction_value": 25.54495431952663, "plus_minus": 2.8921872710622765, "end_points_above_top_qtr": 0.41892857142856954, "points_above_top_qtr": 0.7093333333333405, "end_pts": 160.06, "id": "00-0020531", "beg_points_above_top_qtr": 0.0, "relative_top_qtr_value": 1.0375706214689269, "relative_avg_value": 1.1732144679261969, "weeks": 15, "beg_pts": 133.77999999999997, "beg_points_above_median": 2.4657142857142844, "beg_avg_pts": 19.11142857142857, "avg_pts": 19.589333333333336}, {"end_plus_minus": 3.033400297619046, "relative_median_value": 1.089230769230769, "end_points_above_median": 0.8857142857142826, "beg_plus_minus": 1.3928273809523795, "end_avg_pts": 19.228571428571428, "points_above_median": 1.5466666666666633, "player": "Ben Roethlisberger (PIT, QB)", "pts": 283.19999999999993, "availability": 1.0, "auction_value": 23.728473372781057, "plus_minus": 2.182853937728936, "end_points_above_top_qtr": -0.360000000000003, "points_above_top_qtr": 0.0, "end_pts": 134.6, "id": "00-0022924", "beg_points_above_top_qtr": -0.5364285714285693, "relative_top_qtr_value": 1.0, "relative_avg_value": 1.1307321580339602, "weeks": 15, "beg_pts": 148.6, "beg_points_above_median": 1.9292857142857152, "beg_avg_pts": 18.575, "avg_pts": 18.879999999999995}, {"end_plus_minus": 3.393400297619049, "relative_median_value": 1.0663846153846153, "end_points_above_median": 1.2457142857142856, "beg_plus_minus": 0.335327380952382, "end_avg_pts": 19.58857142857143, "points_above_median": 1.150666666666666, "player": "Matt Ryan (ATL, QB)", "pts": 277.26, "availability": 1.0, "auction_value": 22.743522958579877, "plus_minus": 1.7868539377289387, "end_points_above_top_qtr": 0.0, "points_above_top_qtr": -0.39599999999999724, "end_pts": 137.12, "id": "00-0026143", "beg_points_above_top_qtr": -1.5939285714285667, "relative_top_qtr_value": 0.9790254237288137, "relative_avg_value": 1.1070155301429938, "weeks": 15, "beg_pts": 140.14000000000001, "beg_points_above_median": 0.8717857142857177, "beg_avg_pts": 17.517500000000002, "avg_pts": 18.483999999999998}, {"end_plus_minus": 2.1476860119047636, "relative_median_value": 1.0536923076923077, "end_points_above_median": 0.0, "beg_plus_minus": 1.0128273809523805, "end_avg_pts": 18.342857142857145, "points_above_median": 0.9306666666666672, "player": "Tom Brady (NE, QB)", "pts": 273.96, "availability": 1.0, "auction_value": 22.20534958579882, "plus_minus": 1.5668539377289399, "end_points_above_top_qtr": -1.2457142857142856, "points_above_top_qtr": -0.6159999999999961, "end_pts": 128.4, "id": "00-0019596", "beg_points_above_top_qtr": -0.9164285714285683, "relative_top_qtr_value": 0.9673728813559324, "relative_avg_value": 1.0938396257591236, "weeks": 15, "beg_pts": 145.56, "beg_points_above_median": 1.5492857142857162, "beg_avg_pts": 18.195, "avg_pts": 18.264}, {"end_plus_minus": 2.6173288690476184, "relative_median_value": 1.0276153846153848, "end_points_above_median": 0.4696428571428548, "beg_plus_minus": -0.5136011904761908, "end_avg_pts": 18.8125, "points_above_median": 0.478666666666669, "player": "Ryan Tannehill (MIA, QB)", "pts": 267.18, "availability": 1.0, "auction_value": 21.119867573964505, "plus_minus": 1.1148539377289417, "end_points_above_top_qtr": -0.7760714285714307, "points_above_top_qtr": -1.0679999999999943, "end_pts": 150.5, "id": "00-0029701", "beg_points_above_top_qtr": -2.4428571428571395, "relative_top_qtr_value": 0.9434322033898308, "relative_avg_value": 1.0667691312977174, "weeks": 15, "beg_pts": 116.67999999999999, "beg_points_above_median": 0.022857142857144908, "beg_avg_pts": 16.66857142857143, "avg_pts": 17.812}, {"end_plus_minus": -2.7123139880952394, "relative_median_value": 1.0, "end_points_above_median": -4.860000000000003, "beg_plus_minus": 3.520327380952377, "end_avg_pts": 13.482857142857142, "points_above_median": 0.0, "player": "Philip Rivers (SD, QB)", "pts": 260.0, "availability": 1.0, "auction_value": 20.0, "plus_minus": 0.6361872710622727, "end_points_above_top_qtr": -6.1057142857142885, "points_above_top_qtr": -1.5466666666666633, "end_pts": 94.38, "id": "00-0022942", "beg_points_above_top_qtr": 1.5910714285714285, "relative_top_qtr_value": 0.9180790960451979, "relative_avg_value": 1.038101557517054, "weeks": 15, "beg_pts": 165.61999999999998, "beg_points_above_median": 4.056785714285713, "beg_avg_pts": 20.702499999999997, "avg_pts": 17.333333333333332}, {"end_plus_minus": 0.5323288690476176, "relative_median_value": 0.9628461538461539, "end_points_above_median": -1.615357142857146, "beg_plus_minus": -0.5364583333333357, "end_avg_pts": 16.7275, "points_above_median": -0.6439999999999984, "player": "Eli Manning (NYG, QB)", "pts": 250.34000000000003, "availability": 1.0, "auction_value": 18.54145431952663, "plus_minus": -0.007812728937725666, "end_points_above_top_qtr": -2.8610714285714316, "points_above_top_qtr": -2.1906666666666617, "end_pts": 133.82, "id": "00-0022803", "beg_points_above_top_qtr": -2.4657142857142844, "relative_top_qtr_value": 0.8839689265536725, "relative_avg_value": 0.9995320919569974, "weeks": 15, "beg_pts": 116.52, "beg_points_above_median": 0.0, "beg_avg_pts": 16.645714285714284, "avg_pts": 16.689333333333334}, {"end_plus_minus": 3.171495535714282,