{"_id": "2015_rb", "year": 2015, "position": "rb", "data": [{"end_plus_minus": 0.8359464285714289, "relative_median_value": 1.6233766233766234, "end_points_above_median": 0.1083333333333325, "beg_plus_minus": 10.414488095238095, "end_avg_pts": 10.633333333333333, "points_above_median": 6.308571428571428, "player": "Devonta Freeman (ATL, RB)", "pts": 230.0, "availability": 0.9333333333333333, "auction_value": 61.49153876426603, "plus_minus": 6.358908424908421, "end_points_above_top_qtr": -1.1666666666666679, "points_above_top_qtr": 3.886904761904761, "end_pts": 63.8, "id": "00-0031285", "beg_points_above_top_qtr": 7.532142857142857, "relative_top_qtr_value": 1.3099193165638348, "relative_avg_value": 1.6314916817569032, "weeks": 14, "beg_pts": 166.2, "beg_points_above_median": 10.234999999999998, "beg_avg_pts": 20.775, "avg_pts": 16.428571428571427}, {"end_plus_minus": 6.190113095238097, "relative_median_value": 1.435441370223979, "end_points_above_median": 5.4625, "beg_plus_minus": 2.4966309523809542, "end_avg_pts": 15.9875, "points_above_median": 4.406666666666668, "player": "Adrian Peterson (NO, RB)", "pts": 217.9, "availability": 1.0, "auction_value": 51.51229818376236, "plus_minus": 4.457003663003661, "end_points_above_top_qtr": 4.1875, "points_above_top_qtr": 1.9850000000000012, "end_pts": 127.9, "id": "00-0025394", "beg_points_above_top_qtr": -0.38571428571428434, "relative_top_qtr_value": 1.1582724252491696, "relative_avg_value": 1.4426169635848143, "weeks": 15, "beg_pts": 90.0, "beg_points_above_median": 2.3171428571428567, "beg_avg_pts": 12.857142857142858, "avg_pts": 14.526666666666667}, {"end_plus_minus": 3.3651130952380957, "relative_median_value": 1.4259653390088176, "end_points_above_median": 2.6374999999999993, "beg_plus_minus": 6.099488095238097, "end_avg_pts": 13.1625, "points_above_median": 4.310769230769234, "player": "Todd Gurley (LA, RB)", "pts": 187.60000000000002, "availability": 0.8666666666666667, "auction_value": 44.056504874514864, "plus_minus": 4.361106227106227, "end_points_above_top_qtr": 1.362499999999999, "points_above_top_qtr": 1.8891025641025667, "end_pts": 105.3, "id": "00-0032241", "beg_points_above_top_qtr": 3.217142857142859, "relative_top_qtr_value": 1.1506261180679787, "relative_avg_value": 1.433093562864994, "weeks": 13, "beg_pts": 82.3, "beg_points_above_median": 5.92, "beg_avg_pts": 16.46, "avg_pts": 14.430769230769233}, {"end_plus_minus": 1.6651130952380964, "relative_median_value": 1.2417654808959158, "end_points_above_median": 0.9375, "beg_plus_minus": 3.468059523809524, "end_avg_pts": 11.4625, "points_above_median": 2.446666666666667, "player": "Doug Martin (TB, RB)", "pts": 188.5, "availability": 1.0, "auction_value": 38.54953773861662, "plus_minus": 2.4970036630036603, "end_points_above_top_qtr": -0.33750000000000036, "points_above_top_qtr": 0.025000000000000355, "end_pts": 91.7, "id": "00-0029613", "beg_points_above_top_qtr": 0.5857142857142854, "relative_top_qtr_value": 1.0019933554817275, "relative_avg_value": 1.247972912509121, "weeks": 15, "beg_pts": 96.8, "beg_points_above_median": 3.2885714285714265, "beg_avg_pts": 13.828571428571427, "avg_pts": 12.566666666666666}, {"end_plus_minus": 1.952613095238096, "relative_median_value": 1.1765480895915679, "end_points_above_median": 1.2249999999999996, "beg_plus_minus": 1.725202380952382, "end_avg_pts": 11.75, "points_above_median": 1.786666666666667, "player": "Lamar Miller (HOU, RB)", "pts": 178.6, "availability": 1.0, "auction_value": 34.606635178039205, "plus_minus": 1.8370036630036601, "end_points_above_top_qtr": -0.05000000000000071, "points_above_top_qtr": -0.6349999999999998, "end_pts": 94.0, "id": "00-0029615", "beg_points_above_top_qtr": -1.1571428571428566, "relative_top_qtr_value": 0.9493687707641196, "relative_avg_value": 1.182429507555061, "weeks": 15, "beg_pts": 84.6, "beg_points_above_median": 1.5457142857142845, "beg_avg_pts": 12.085714285714285, "avg_pts": 11.906666666666666}, {"end_plus_minus": -0.672386904761904, "relative_median_value": 1.1617730095990966, "end_points_above_median": -1.4000000000000004, "beg_plus_minus": 4.906154761904762, "end_avg_pts": 9.125, "points_above_median": 1.637142857142857, "player": "Chris Ivory (JAC, RB)", "pts": 164.6, "availability": 0.9333333333333333, "auction_value": 31.49338560276866, "plus_minus": 1.68747985347985, "end_points_above_top_qtr": -2.6750000000000007, "points_above_top_qtr": -0.7845238095238098, "end_pts": 73.0, "id": "00-0027531", "beg_points_above_top_qtr": 2.0238095238095237, "relative_top_qtr_value": 0.9374466065495966, "relative_avg_value": 1.167580568770375, "weeks": 14, "beg_pts": 91.6, "beg_points_above_median": 4.726666666666665, "beg_avg_pts": 15.266666666666666, "avg_pts": 11.757142857142856}, {"end_plus_minus": 2.0026130952380967, "relative_median_value": 1.2491765480895916, "end_points_above_median": 1.2750000000000004, "beg_plus_minus": 2.8823452380952386, "end_avg_pts": 11.8, "points_above_median": 2.5216666666666665, "player": "Matt Forte (NYJ, RB)", "pts": 151.7, "availability": 0.8, "auction_value": 31.208840965940553, "plus_minus": 2.5720036630036596, "end_points_above_top_qtr": 0.0, "points_above_top_qtr": 0.09999999999999964, "end_pts": 59.0, "id": "00-0026184", "beg_points_above_top_qtr": 0.0, "relative_top_qtr_value": 1.0079734219269103, "relative_avg_value": 1.255421026708446, "weeks": 12, "beg_pts": 92.69999999999999, "beg_points_above_median": 2.702857142857141, "beg_avg_pts": 13.242857142857142, "avg_pts": 12.641666666666666}, {"end_plus_minus": 0.7276130952380964, "relative_median_value": 1.2392951251646904, "end_points_above_median": 0.0, "beg_plus_minus": 3.1894880952380973, "end_avg_pts": 10.525, "points_above_median": 2.421666666666667, "player": "Mark Ingram (NO, RB)", "pts": 150.5, "availability": 0.8, "auction_value": 30.717048145139316, "plus_minus": 2.47200366300366, "end_points_above_top_qtr": -1.2750000000000004, "points_above_top_qtr": 0.0, "end_pts": 42.1, "id": "00-0027966", "beg_points_above_top_qtr": 0.3071428571428587, "relative_top_qtr_value": 1.0, "relative_avg_value": 1.2454902077760128, "weeks": 12, "beg_pts": 108.4, "beg_points_above_median": 3.01, "beg_avg_pts": 13.55, "avg_pts": 12.541666666666666}, {"end_plus_minus": 3.3454702380952384, "relative_median_value": 1.1915349143610012, "end_points_above_median": 2.617857142857142, "beg_plus_minus": 0.1794880952380975, "end_avg_pts": 13.142857142857142, "points_above_median": 1.9383333333333326, "player": "LeSean McCoy (BUF, RB)", "pts": 144.7, "availability": 0.8, "auction_value": 28.395109042825574, "plus_minus": 1.9886703296703256, "end_points_above_top_qtr": 1.3428571428571416, "points_above_top_qtr": -0.4833333333333343, "end_pts": 92.0, "id": "00-0027029", "beg_points_above_top_qtr": -2.702857142857141, "relative_top_qtr_value": 0.9614617940199335, "relative_avg_value": 1.197491249602585, "weeks": 12, "beg_pts": 52.7, "beg_points_above_median": 0.0, "beg_avg_pts": 10.540000000000001, "avg_pts": 12.058333333333332}, {"end_plus_minus": 3.069279761904763, "relative_median_value": 1.1158406810580725, "end_points_above_median": 2.341666666666667, "beg_plus_minus": -0.41765476190476214, "end_avg_pts": 12.866666666666667, "points_above_median": 1.1723076923076938, "player": "Jonathan Stewart (CAR, RB)", "pts": 146.8, "availability": 0.8666666666666667, "auction_value": 26.977175885923103, "plus_minus": 1.222644688644687, "end_points_above_top_qtr": 1.0666666666666664, "points_above_top_qtr": -1.249358974358973, "end_pts": 77.2, "id": "00-0026153", "beg_points_above_top_qtr": -3.3000000000000007, "relative_top_qtr_value": 0.90038333759264, "relative_avg_value": 1.121418630216317, "weeks": 13, "beg_pts": 69.6, "beg_points_above_median": -0.5971428571428596, "beg_avg_pts": 9.942857142857141, "avg_pts": 11.292307692307693}, {"end_plus_minus": -0.25988690476190435, "relative_median_value": 1.0289855072463767, "end_points_above_median": -0.9875000000000007, "beg_plus_minus": 1.0537738095238112,