{"_id": "2015_te", "year": 2015, "position": "te", "data": [{"end_plus_minus": 3.8786532738095243, "relative_median_value": 1.9702463054187191, "end_points_above_median": 3.9857142857142867, "beg_plus_minus": 8.514880952380953, "end_avg_pts": 10.742857142857144, "points_above_median": 6.394805194805195, "player": "Rob Gronkowski (NE, TE)", "pts": 181.8, "availability": 0.9333333333333333, "auction_value": 72.4615827416341, "plus_minus": 6.10631888944389, "end_points_above_top_qtr": 1.6178571428571438, "points_above_top_qtr": 3.314285714285713, "end_pts": 75.2, "id": "00-0027656", "beg_points_above_top_qtr": 5.0285714285714285, "relative_top_qtr_value": 1.3426883308714916, "relative_avg_value": 1.8876243532613894, "weeks": 14, "beg_pts": 106.6, "beg_points_above_median": 8.195238095238093, "beg_avg_pts": 15.228571428571428, "avg_pts": 12.985714285714286}, {"end_plus_minus": 5.848296130952381, "relative_median_value": 1.7821750663129972, "end_points_above_median": 5.955357142857143, "beg_plus_minus": 3.486309523809525, "end_avg_pts": 12.7125, "points_above_median": 5.1552447552447545, "player": "Jordan Reed (WAS, TE)", "pts": 152.7, "availability": 0.8666666666666667, "auction_value": 55.05323142778742, "plus_minus": 4.8667584498834495, "end_points_above_top_qtr": 3.5875000000000004, "points_above_top_qtr": 2.0747252747252727, "end_pts": 101.7, "id": "00-0030472", "beg_points_above_top_qtr": 0.0, "relative_top_qtr_value": 1.2145210771503236, "relative_avg_value": 1.7074398503859685, "weeks": 13, "beg_pts": 51.0, "beg_points_above_median": 3.166666666666665, "beg_avg_pts": 10.2, "avg_pts": 11.746153846153845}, {"end_plus_minus": 2.2607961309523805, "relative_median_value": 1.505103448275862, "end_points_above_median": 2.367857142857143, "beg_plus_minus": 4.114880952380953, "end_avg_pts": 9.125, "points_above_median": 3.329090909090909, "player": "Greg Olsen (CAR, TE)", "pts": 148.8, "availability": 1.0, "auction_value": 45.306727800237816, "plus_minus": 3.040604603729604, "end_points_above_top_qtr": 0.0, "points_above_top_qtr": 0.24857142857142733, "end_pts": 73.0, "id": "00-0025418", "beg_points_above_top_qtr": 0.6285714285714281, "relative_top_qtr_value": 1.0257016248153619, "relative_avg_value": 1.4419871847136512, "weeks": 15, "beg_pts": 75.8, "beg_points_above_median": 3.7952380952380933, "beg_avg_pts": 10.828571428571427, "avg_pts": 9.92}, {"end_plus_minus": 3.99579613095238, "relative_median_value": 1.6234482758620692, "end_points_above_median": 4.102857142857142, "beg_plus_minus": 3.872023809523811, "end_avg_pts": 10.86, "points_above_median": 4.10909090909091, "player": "Tyler Eifert (CIN, TE)", "pts": 128.4, "availability": 0.8, "auction_value": 42.16934887039241, "plus_minus": 3.8206046037296053, "end_points_above_top_qtr": 1.7349999999999994, "points_above_top_qtr": 1.0285714285714285, "end_pts": 54.3, "id": "00-0030549", "beg_points_above_top_qtr": 0.3857142857142861, "relative_top_qtr_value": 1.106351550960118, "relative_avg_value": 1.5553692415762166, "weeks": 12, "beg_pts": 74.1, "beg_points_above_median": 3.5523809523809513, "beg_avg_pts": 10.585714285714285, "avg_pts": 10.700000000000001}, {"end_plus_minus": 4.79829613095238, "relative_median_value": 1.4673891625615765, "end_points_above_median": 4.9053571428571425, "beg_plus_minus": 0.3029761904761923, "end_avg_pts": 11.6625, "points_above_median": 3.0805194805194818, "player": "Delanie Walker (TEN, TE)", "pts": 135.4, "availability": 0.9333333333333333, "auction_value": 40.19364448219241, "plus_minus": 2.792033175158177, "end_points_above_top_qtr": 2.5374999999999996, "points_above_top_qtr": 0.0, "end_pts": 93.3, "id": "00-0024389", "beg_points_above_top_qtr": -3.1833333333333327, "relative_top_qtr_value": 1.0, "relative_avg_value": 1.4058544413178886, "weeks": 14, "beg_pts": 42.1, "beg_points_above_median": -0.016666666666667496, "beg_avg_pts": 7.016666666666667, "avg_pts": 9.671428571428573}, {"end_plus_minus": -0.7642038690476189, "relative_median_value": 1.1379310344827587, "end_points_above_median": -0.6571428571428566, "beg_plus_minus": 2.0113095238095253, "end_avg_pts": 6.1000000000000005, "points_above_median": 0.9090909090909092, "player": "Travis Kelce (KC, TE)", "pts": 112.5, "availability": 1.0, "auction_value": 25.897740784780027, "plus_minus": 0.6206046037296042, "end_points_above_top_qtr": -3.0249999999999995, "points_above_top_qtr": -2.1714285714285726, "end_pts": 42.7, "id": "00-0030506", "beg_points_above_top_qtr": -1.4749999999999996, "relative_top_qtr_value": 0.7754800590841949, "relative_avg_value": 1.090212085216974, "weeks": 15, "beg_pts": 69.8, "beg_points_above_median": 1.6916666666666655, "beg_avg_pts": 8.725, "avg_pts": 7.5}, {"end_plus_minus": -0.9499181547619058, "relative_median_value": 1.058022988505747, "end_points_above_median": -0.8428571428571434, "beg_plus_minus": 1.186309523809526, "end_avg_pts": 5.914285714285714, "points_above_median": 0.3824242424242419, "player": "Benjamin Watson (BAL, TE)", "pts": 104.6, "availability": 1.0, "auction_value": 22.38825288413264, "plus_minus": 0.09393793706293696, "end_points_above_top_qtr": -3.2107142857142863, "points_above_top_qtr": -2.69809523809524, "end_pts": 41.4, "id": "00-0022943", "beg_points_above_top_qtr": -2.299999999999999, "relative_top_qtr_value": 0.7210241260462825, "relative_avg_value": 1.0136549698995154, "weeks": 15, "beg_pts": 63.2, "beg_points_above_median": 0.8666666666666663, "beg_avg_pts": 7.9, "avg_pts": 6.973333333333333}, {"end_plus_minus": -0.10706101190476236, "relative_median_value": 1.2684137931034483, "end_points_above_median": 0.0, "beg_plus_minus": 5.386309523809525, "end_avg_pts": 6.757142857142857, "points_above_median": 1.7690909090909086, "player": "Antonio Gates (SD, TE)", "pts": 83.6, "availability": 0.6666666666666666, "auction_value": 21.451647340467694, "plus_minus": 1.4806046037296037, "end_points_above_top_qtr": -2.367857142857143, "points_above_top_qtr": -1.3114285714285732, "end_pts": 47.3, "id": "00-0021547", "beg_points_above_top_qtr": 1.9000000000000004, "relative_top_qtr_value": 0.8644017725258492, "relative_avg_value": 1.2152230709885203, "weeks": 10, "beg_pts": 36.3, "beg_points_above_median": 5.0666666666666655, "beg_avg_pts": 12.1, "avg_pts": 8.36}, {"end_plus_minus": -0.0392038690476193, "relative_median_value": 0.8921379310344828, "end_points_above_median": 0.06785714285714306, "beg_plus_minus": -1.9136904761904745, "end_avg_pts": 6.825, "points_above_median": -0.7109090909090909, "player": "Richard Rodgers (GB, TE)", "pts": 88.2, "availability": 1.0, "auction_value": 15.918201759809751, "plus_minus": -0.9993953962703959, "end_points_above_top_qtr": -2.3, "points_above_top_qtr": -3.7914285714285727, "end_pts": 54.6, "id": "00-0031384", "beg_points_above_top_qtr": -5.3999999999999995, "relative_top_qtr_value": 0.6079763663220088, "relative_avg_value": 0.8547262748101077, "weeks": 15, "beg_pts": 33.6, "beg_points_above_median": -2.2333333333333343, "beg_avg_pts": 4.8, "avg_pts": 5.88}, {"end_plus_minus": 0.3982961309523807, "relative_median_value": 1.0248275862068965, "end_points_above_median": 0.5053571428571431, "beg_plus_minus": -1.3136904761904749, "end_avg_pts": 7.2625, "points_above_median": 0.16363636363636314, "player": "Julius Thomas (MIA, TE)", "pts": 74.3, "availability": 0.7333333333333333, "auction_value": 15.403983194609587, "plus_minus": -0.1248499417249418, "end_points_above_top_qtr": -1.8624999999999998, "points_above_top_qtr": -2.9168831168831186, "end_pts": 58.1, "id": "00-0028067", "beg_points_above_top_qtr": -4.8, "relative_top_qtr_value": 0.6984020410903719, "relative_avg_value": 0.9818516112923777, "weeks": 11, "beg_pts": 16.2, "beg_points_above_median": -1.6333333333333346, "beg_avg_pts": 5.3999999999999995, "avg_pts": 6.754545454545454}, {"end_plus_minus": -1.6975372023809525, "relative_median_value": 1.0, "end_points_above_median": -1.5904761904761902, "beg_plus_minus": 0.4113095238095257, "end_avg_pts": 5.166666666666667,