{"_id": "2016_qb", "year": 2016, "position": "qb", "data": [{"end_plus_minus": 7.913683035714289, "relative_median_value": 1.3206234142805366, "end_points_above_median": 9.05, "beg_plus_minus": 2.8353943452380967, "end_avg_pts": 27.855, "points_above_median": 5.897333333333336, "player": "Cam Newton (CAR, QB)", "pts": 364.36, "availability": 1.0, "auction_value": 32.6460703799409, "plus_minus": 5.568620670995671, "end_points_above_top_qtr": 6.506428571428572, "points_above_top_qtr": 3.283523809523807, "end_pts": 222.84, "id": "00-0027939", "beg_points_above_top_qtr": 0.0, "relative_top_qtr_value": 1.1563051116400316, "relative_avg_value": 1.297436544717563, "weeks": 15, "beg_pts": 141.52, "beg_points_above_median": 3.347142857142856, "beg_avg_pts": 20.217142857142857, "avg_pts": 24.290666666666667}, {"end_plus_minus": -1.1363169642857116, "relative_median_value": 1.22812613265676, "end_points_above_median": 0.0, "beg_plus_minus": 9.532537202380954, "end_avg_pts": 18.805, "points_above_median": 4.196000000000005, "player": "Tom Brady (NE, QB)", "pts": 338.84000000000003, "availability": 1.0, "auction_value": 24.416692355438347, "plus_minus": 3.86728733766234, "end_points_above_top_qtr": -2.543571428571429, "points_above_top_qtr": 1.5821904761904761, "end_pts": 150.44, "id": "00-0019596", "beg_points_above_top_qtr": 6.6971428571428575, "relative_top_qtr_value": 1.075316785673807, "relative_avg_value": 1.2065632857945416, "weeks": 15, "beg_pts": 188.4, "beg_points_above_median": 10.044285714285714, "beg_avg_pts": 26.914285714285715, "avg_pts": 22.589333333333336}, {"end_plus_minus": 7.45296875, "relative_median_value": 1.1638274737223635, "end_points_above_median": 8.589285714285712, "beg_plus_minus": -1.21424851190476, "end_avg_pts": 27.39428571428571, "points_above_median": 3.013333333333339, "player": "Russell Wilson (SEA, QB)", "pts": 321.1, "availability": 1.0, "auction_value": 19.69107204740995, "plus_minus": 2.684620670995674, "end_points_above_top_qtr": 6.045714285714283, "points_above_top_qtr": 0.39952380952381006, "end_pts": 191.76, "id": "00-0029263", "beg_points_above_top_qtr": -4.049642857142857, "relative_top_qtr_value": 1.0190184744417998, "relative_avg_value": 1.1433935517312812, "weeks": 15, "beg_pts": 129.34, "beg_points_above_median": -0.7025000000000006, "beg_avg_pts": 16.1675, "avg_pts": 21.40666666666667}, {"end_plus_minus": 3.4936830357142874, "relative_median_value": 1.1546212395795579, "end_points_above_median": 4.629999999999999, "beg_plus_minus": 1.343965773809522, "end_avg_pts": 23.435, "points_above_median": 2.844000000000001, "player": "Blake Bortles (JAX, QB)", "pts": 318.56, "availability": 1.0, "auction_value": 19.075376108687486, "plus_minus": 2.515287337662336, "end_points_above_top_qtr": 2.08642857142857, "points_above_top_qtr": 0.23019047619047228, "end_pts": 187.48, "id": "00-0031407", "beg_points_above_top_qtr": -1.4914285714285747, "relative_top_qtr_value": 1.0109577241301142, "relative_avg_value": 1.134348956211513, "weeks": 15, "beg_pts": 131.07999999999998, "beg_points_above_median": 1.8557142857142814, "beg_avg_pts": 18.725714285714282, "avg_pts": 21.237333333333332}, {"end_plus_minus": 1.3186830357142867, "relative_median_value": 1.1421063532335736, "end_points_above_median": 2.4549999999999983, "beg_plus_minus": 3.372537202380954, "end_avg_pts": 21.259999999999998, "points_above_median": 2.613809523809529, "player": "Drew Brees (NO, QB)", "pts": 294.1, "availability": 0.9333333333333333, "auction_value": 17.0442504487275, "plus_minus": 2.285096861471864, "end_points_above_top_qtr": -0.08857142857143074, "points_above_top_qtr": 0.0, "end_pts": 148.82, "id": "00-0020531", "beg_points_above_top_qtr": 0.5371428571428574, "relative_top_qtr_value": 1.0, "relative_avg_value": 1.1220538002096692, "weeks": 14, "beg_pts": 145.28, "beg_points_above_median": 3.8842857142857135, "beg_avg_pts": 20.754285714285714, "avg_pts": 21.00714285714286}, {"end_plus_minus": 0.17868303571428612, "relative_median_value": 1.1093874592243569, "end_points_above_median": 1.3149999999999977, "beg_plus_minus": 3.273251488095241, "end_avg_pts": 20.119999999999997, "points_above_median": 2.012000000000004, "player": "Carson Palmer (ARI, QB)", "pts": 306.08000000000004, "availability": 1.0, "auction_value": 16.25728239614506, "plus_minus": 1.683287337662339, "end_points_above_top_qtr": -1.2285714285714313, "points_above_top_qtr": -0.6018095238095249, "end_pts": 140.83999999999997, "id": "00-0021429", "beg_points_above_top_qtr": 0.43785714285714405, "relative_top_qtr_value": 0.9713521477955344, "relative_avg_value": 1.0899093687758035, "weeks": 15, "beg_pts": 165.24, "beg_points_above_median": 3.785, "beg_avg_pts": 20.655, "avg_pts": 20.405333333333335}, {"end_plus_minus": -1.3688169642857133, "relative_median_value": 1.0380572671257702, "end_points_above_median": -0.2325000000000017, "beg_plus_minus": 2.3068229166666683, "end_avg_pts": 18.572499999999998, "points_above_median": 0.6999999999999993, "player": "Aaron Rodgers (GB, QB)", "pts": 286.4, "availability": 1.0, "auction_value": 12.462357157300902, "plus_minus": 0.37128733766233424, "end_points_above_top_qtr": -2.7760714285714307, "points_above_top_qtr": -1.9138095238095296, "end_pts": 148.57999999999998, "id": "00-0023459", "beg_points_above_top_qtr": -0.5285714285714285, "relative_top_qtr_value": 0.9088972004986964, "relative_avg_value": 1.0198315578194919, "weeks": 15, "beg_pts": 137.82, "beg_points_above_median": 2.8185714285714276, "beg_avg_pts": 19.68857142857143, "avg_pts": 19.09333333333333}, {"end_plus_minus": 1.263683035714287, "relative_median_value": 1.0103660746647336, "end_points_above_median": 2.3999999999999986, "beg_plus_minus": -1.7931770833333314, "end_avg_pts": 21.205, "points_above_median": 0.19066666666666876, "player": "Ryan Fitzpatrick (NYJ, QB)", "pts": 278.76, "availability": 1.0, "auction_value": 11.184844802649057, "plus_minus": -0.1380459956709963, "end_points_above_top_qtr": -0.14357142857143046, "points_above_top_qtr": -2.42314285714286, "end_pts": 169.64, "id": "00-0023682", "beg_points_above_top_qtr": -4.628571428571428, "relative_top_qtr_value": 0.8846514790887452, "relative_avg_value": 0.9926265539726312, "weeks": 15, "beg_pts": 109.12, "beg_points_above_median": -1.281428571428572, "beg_avg_pts": 15.588571428571429, "avg_pts": 18.584}, {"end_plus_minus": 1.7111830357142885, "relative_median_value": 1.001812250815513, "end_points_above_median": 2.8475, "beg_plus_minus": -2.64174851190476, "end_avg_pts": 21.6525, "points_above_median": 0.03333333333333499, "player": "Kirk Cousins (WAS, QB)", "pts": 276.4, "availability": 1.0, "auction_value": 10.810861256174752, "plus_minus": -0.29537932900433006, "end_points_above_top_qtr": 0.3039285714285711, "points_above_top_qtr": -2.580476190476194, "end_pts": 173.22, "id": "00-0029604", "beg_points_above_top_qtr": -5.477142857142857, "relative_top_qtr_value": 0.8771619630511163, "relative_avg_value": 0.9842229140408784, "weeks": 15, "beg_pts": 103.18, "beg_points_above_median": -2.130000000000001, "beg_avg_pts": 14.74, "avg_pts": 18.426666666666666}, {"end_plus_minus": -1.9956026785714265, "relative_median_value": 1.0, "end_points_above_median": -0.8592857142857149, "beg_plus_minus": 1.4032514880952398, "end_avg_pts": 17.945714285714285, "points_above_median": 0.0, "player": "Eli Manning (NYG, QB)", "pts": 275.9, "availability": 1.0, "auction_value": 10.732847060868608, "plus_minus": -0.32871266233766505, "end_points_above_top_qtr": -3.402857142857144, "points_above_top_qtr": -2.613809523809529, "end_pts": 125.61999999999999, "id": "00-0022803", "beg_points_above_top_qtr": -1.432142857142857, "relative_top_qtr_value": 0.8755752011787372, "relative_avg_value": 0.9824424818519476, "weeks": 15, "beg_pts": 150.28, "beg_points_above_median": 1.9149999999999991, "beg_avg_pts": 18.785, "avg_pts": 18.39333333333333}, {"end_plus_minus": 1.4072544642857174, "relative_median_value": 0.9766582094961945,