{"_id": "2014_rb", "year": 2014, "position": "rb", "data": [{"end_plus_minus": 12.077107142857143, "relative_median_value": 1.688212927756654, "end_points_above_median": 11.314285714285717, "beg_plus_minus": 5.6249642857142845, "end_avg_pts": 22.414285714285715, "points_above_median": 7.541666666666666, "player": "Le'Veon Bell (PIT, RB)", "pts": 277.5, "availability": 1.0, "auction_value": 71.25157223611734, "plus_minus": 8.478863802863803, "end_points_above_top_qtr": 6.839285714285715, "points_above_top_qtr": 3.833333333333334, "end_pts": 156.9, "id": "00-0030496", "beg_points_above_top_qtr": 1.3749999999999982, "relative_top_qtr_value": 1.2613636363636365, "relative_avg_value": 1.8460980507666247, "weeks": 15, "beg_pts": 120.6, "beg_points_above_median": 4.362500000000001, "beg_avg_pts": 15.075, "avg_pts": 18.5}, {"end_plus_minus": 6.048535714285711, "relative_median_value": 1.6790874524714827, "end_points_above_median": 5.285714285714285, "beg_plus_minus": 10.712464285714287, "end_avg_pts": 16.385714285714283, "points_above_median": 7.441666666666665, "player": "DeMarco Murray (TEN, RB)", "pts": 276.0, "availability": 1.0, "auction_value": 70.48336682617933, "plus_minus": 8.378863802863801, "end_points_above_top_qtr": 0.8107142857142833, "points_above_top_qtr": 3.7333333333333325, "end_pts": 114.69999999999999, "id": "00-0028009", "beg_points_above_top_qtr": 6.4625, "relative_top_qtr_value": 1.2545454545454544, "relative_avg_value": 1.8361191423841023, "weeks": 15, "beg_pts": 161.3, "beg_points_above_median": 9.450000000000003, "beg_avg_pts": 20.1625, "avg_pts": 18.4}, {"end_plus_minus": 8.76282142857143, "relative_median_value": 1.5312547528517106, "end_points_above_median": 8.000000000000004, "beg_plus_minus": 4.678535714285715, "end_avg_pts": 19.1, "points_above_median": 5.821666666666664, "player": "Marshawn Lynch (OAK, RB)", "pts": 251.7, "availability": 1.0, "auction_value": 58.61852795327383, "plus_minus": 6.7588638028638, "end_points_above_top_qtr": 3.525000000000002, "points_above_top_qtr": 2.1133333333333315, "end_pts": 152.8, "id": "00-0025399", "beg_points_above_top_qtr": 0.4285714285714288, "relative_top_qtr_value": 1.144090909090909, "relative_avg_value": 1.674460826587241, "weeks": 15, "beg_pts": 98.9, "beg_points_above_median": 3.4160714285714313, "beg_avg_pts": 14.12857142857143, "avg_pts": 16.779999999999998}, {"end_plus_minus": 3.091392857142857, "relative_median_value": 1.4187072243346006, "end_points_above_median": 2.328571428571431, "beg_plus_minus": 7.949964285714284, "end_avg_pts": 13.428571428571429, "points_above_median": 4.588333333333331, "player": "Matt Forte (NYJ, RB)", "pts": 233.2, "availability": 1.0, "auction_value": 50.31825470947967, "plus_minus": 5.525530469530468, "end_points_above_top_qtr": -2.1464285714285705, "points_above_top_qtr": 0.879999999999999, "end_pts": 94.0, "id": "00-0026184", "beg_points_above_top_qtr": 3.6999999999999975, "relative_top_qtr_value": 1.0599999999999998, "relative_avg_value": 1.5513876232027994, "weeks": 15, "beg_pts": 139.2, "beg_points_above_median": 6.6875, "beg_avg_pts": 17.4, "avg_pts": 15.546666666666665}, {"end_plus_minus": 8.848535714285715, "relative_median_value": 1.338403041825095, "end_points_above_median": 8.085714285714289, "beg_plus_minus": 1.2624642857142838, "end_avg_pts": 19.185714285714287, "points_above_median": 3.708333333333332, "player": "Eddie Lacy (SEA, RB)", "pts": 220.0, "availability": 1.0, "auction_value": 44.783067559166675, "plus_minus": 4.645530469530469, "end_points_above_top_qtr": 3.6107142857142875, "points_above_top_qtr": 0.0, "end_pts": 134.3, "id": "00-0030485", "beg_points_above_top_qtr": -2.9875000000000025, "relative_top_qtr_value": 1.0, "relative_avg_value": 1.4635732294366033, "weeks": 15, "beg_pts": 85.69999999999999, "beg_points_above_median": 0.0, "beg_avg_pts": 10.712499999999999, "avg_pts": 14.666666666666666}, {"end_plus_minus": 5.2378214285714275, "relative_median_value": 1.3479630635524171, "end_points_above_median": 4.475000000000001, "beg_plus_minus": 4.249964285714286, "end_avg_pts": 15.575, "points_above_median": 3.8130952380952383, "player": "Jamaal Charles (DEN, RB)", "pts": 206.8, "availability": 0.9333333333333333, "auction_value": 42.39676981637108, "plus_minus": 4.750292374292375, "end_points_above_top_qtr": 0.0, "points_above_top_qtr": 0.10476190476190617, "end_pts": 124.6, "id": "00-0026213", "beg_points_above_top_qtr": 0.0, "relative_top_qtr_value": 1.0071428571428573, "relative_avg_value": 1.4740273239325792, "weeks": 14, "beg_pts": 82.2, "beg_points_above_median": 2.9875000000000025, "beg_avg_pts": 13.700000000000001, "avg_pts": 14.771428571428572}, {"end_plus_minus": 4.95032142857143, "relative_median_value": 1.0518631178707225, "end_points_above_median": 4.1875000000000036, "beg_plus_minus": -2.221464285714286, "end_avg_pts": 15.287500000000001, "points_above_median": 0.5683333333333334, "player": "Jeremy Hill (CIN, RB)", "pts": 172.9, "availability": 1.0, "auction_value": 27.66040046841794, "plus_minus": 1.5055304695304699, "end_points_above_top_qtr": -0.28749999999999787, "points_above_top_qtr": -3.139999999999999, "end_pts": 122.30000000000001, "id": "00-0031301", "beg_points_above_top_qtr": -6.471428571428572, "relative_top_qtr_value": 0.785909090909091, "relative_avg_value": 1.1502355062254033, "weeks": 15, "beg_pts": 50.6, "beg_points_above_median": -3.48392857142857, "beg_avg_pts": 7.228571428571429, "avg_pts": 11.526666666666667}, {"end_plus_minus": 0.9003214285714272, "relative_median_value": 1.1467680608365016, "end_points_above_median": 0.13750000000000107, "beg_plus_minus": 5.774964285714285, "end_avg_pts": 11.237499999999999, "points_above_median": 1.6083333333333307, "player": "Mark Ingram (NO, RB)", "pts": 150.79999999999998, "availability": 0.8, "auction_value": 26.301539707094204, "plus_minus": 2.5455304695304672, "end_points_above_top_qtr": -4.3375, "points_above_top_qtr": -2.1000000000000014, "end_pts": 89.89999999999999, "id": "00-0027966", "beg_points_above_top_qtr": 1.5249999999999986, "relative_top_qtr_value": 0.8568181818181817, "relative_avg_value": 1.254016153403635, "weeks": 12, "beg_pts": 60.9, "beg_points_above_median": 4.512500000000001, "beg_avg_pts": 15.225, "avg_pts": 12.566666666666665}, {"end_plus_minus": 1.705678571428571, "relative_median_value": 1.001977186311787, "end_points_above_median": 0.9428571428571448, "beg_plus_minus": 0.5999642857142842, "end_avg_pts": 12.042857142857143, "points_above_median": 0.021666666666664725, "player": "Alfred Morris (DAL, RB)", "pts": 164.7, "availability": 1.0, "auction_value": 25.09895704723214, "plus_minus": 0.9588638028638012, "end_points_above_top_qtr": -3.5321428571428566, "points_above_top_qtr": -3.6866666666666674, "end_pts": 84.3, "id": "00-0029141", "beg_points_above_top_qtr": -3.650000000000002, "relative_top_qtr_value": 0.7486363636363635, "relative_avg_value": 1.0956841404009479, "weeks": 15, "beg_pts": 80.39999999999999, "beg_points_above_median": -0.6624999999999996, "beg_avg_pts": 10.049999999999999, "avg_pts": 10.979999999999999}, {"end_plus_minus": -0.6996785714285707, "relative_median_value": 0.9971102661596959, "end_points_above_median": -1.4624999999999968, "beg_plus_minus": 2.9499642857142874, "end_avg_pts": 9.637500000000001, "points_above_median": -0.03166666666666629, "player": "Lamar Miller (HOU, RB)", "pts": 163.9, "availability": 1.0, "auction_value": 24.85572207202649, "plus_minus": 0.9055304695304702, "end_points_above_top_qtr": -5.937499999999998, "points_above_top_qtr": -3.7399999999999984, "end_pts": 77.10000000000001, "id": "00-0029615", "beg_points_above_top_qtr": -1.299999999999999, "relative_top_qtr_value": 0.7450000000000001, "relative_avg_value": 1.0903620559302696, "weeks": 15, "beg_pts": 86.80000000000001, "beg_points_above_median": 1.6875000000000036, "beg_avg_pts": 12.400000000000002, "avg_pts": 10.926666666666668}, {"end_plus_minus": 7.4253214285714275, "relative_median_value": 1.0431120210587892,