{"_id": "2014_te", "year": 2014, "position": "te", "data": [{"end_plus_minus": 6.152782738095237, "relative_median_value": 1.8113948919449903, "end_points_above_median": 5.67142857142857, "beg_plus_minus": 5.321874999999999, "end_avg_pts": 12.37142857142857, "points_above_median": 5.506666666666667, "player": "Rob Gronkowski (NE, TE)", "pts": 184.4, "availability": 1.0, "auction_value": 65.62302909128806, "plus_minus": 5.647511446886446, "end_points_above_top_qtr": 4.985714285714284, "points_above_top_qtr": 3.3533333333333335, "end_pts": 86.6, "id": "00-0027656", "beg_points_above_top_qtr": 2.112499999999999, "relative_top_qtr_value": 1.3750932140193886, "relative_avg_value": 1.8497837503595547, "weeks": 15, "beg_pts": 97.8, "beg_points_above_median": 5.739285714285714, "beg_avg_pts": 12.225, "avg_pts": 12.293333333333333}, {"end_plus_minus": 1.1670684523809527, "relative_median_value": 1.4479371316306484, "end_points_above_median": 0.6857142857142859, "beg_plus_minus": 5.059374999999999, "end_avg_pts": 7.385714285714286, "points_above_median": 3.04, "player": "Antonio Gates (SD, TE)", "pts": 147.4, "availability": 1.0, "auction_value": 41.9304387430958, "plus_minus": 3.180844780219779, "end_points_above_top_qtr": 0.0, "points_above_top_qtr": 0.8866666666666667, "end_pts": 51.7, "id": "00-0021547", "beg_points_above_top_qtr": 1.8499999999999996, "relative_top_qtr_value": 1.099179716629381, "relative_avg_value": 1.4786232364587764, "weeks": 15, "beg_pts": 95.7, "beg_points_above_median": 5.476785714285715, "beg_avg_pts": 11.9625, "avg_pts": 9.826666666666666}, {"end_plus_minus": 4.352782738095238, "relative_median_value": 1.4682149873701937, "end_points_above_median": 3.871428571428571, "beg_plus_minus": 2.4540178571428566, "end_avg_pts": 10.571428571428571, "points_above_median": 3.1776190476190473, "player": "Jimmy Graham (SEA, TE)", "pts": 139.5, "availability": 0.9333333333333333, "auction_value": 40.23889798391789, "plus_minus": 3.3184638278388263, "end_points_above_top_qtr": 3.185714285714285, "points_above_top_qtr": 1.024285714285714, "end_pts": 74.0, "id": "00-0027696", "beg_points_above_top_qtr": -0.7553571428571431, "relative_top_qtr_value": 1.1145733461169702, "relative_avg_value": 1.4993308404196497, "weeks": 14, "beg_pts": 65.5, "beg_points_above_median": 2.871428571428572, "beg_avg_pts": 9.357142857142858, "avg_pts": 9.964285714285714}, {"end_plus_minus": 0.6213541666666673, "relative_median_value": 1.4845284872298627, "end_points_above_median": 0.14000000000000057, "beg_plus_minus": 5.482589285714285, "end_avg_pts": 6.840000000000001, "points_above_median": 3.288333333333335, "player": "Julius Thomas (MIA, TE)", "pts": 120.9, "availability": 0.8, "auction_value": 35.261197270351765, "plus_minus": 3.429178113553114, "end_points_above_top_qtr": -0.5457142857142854, "points_above_top_qtr": 1.1350000000000016, "end_pts": 34.2, "id": "00-0028067", "beg_points_above_top_qtr": 2.2732142857142854, "relative_top_qtr_value": 1.126957494407159, "relative_avg_value": 1.5159900719798685, "weeks": 12, "beg_pts": 86.7, "beg_points_above_median": 5.9, "beg_avg_pts": 12.385714285714286, "avg_pts": 10.075000000000001}, {"end_plus_minus": 1.381354166666667, "relative_median_value": 1.3172888015717092, "end_points_above_median": 0.9000000000000004, "beg_plus_minus": 3.2093749999999996, "end_avg_pts": 7.6000000000000005, "points_above_median": 2.1533333333333333, "player": "Greg Olsen (CAR, TE)", "pts": 134.1, "availability": 1.0, "auction_value": 34.7049957349246, "plus_minus": 2.2941781135531123, "end_points_above_top_qtr": 0.2142857142857144, "points_above_top_qtr": 0.0, "end_pts": 53.2, "id": "00-0025418", "beg_points_above_top_qtr": 0.0, "relative_top_qtr_value": 1.0, "relative_avg_value": 1.3452060787593072, "weeks": 15, "beg_pts": 80.9, "beg_points_above_median": 3.626785714285715, "beg_avg_pts": 10.1125, "avg_pts": 8.94}, {"end_plus_minus": -0.504360119047619, "relative_median_value": 1.195481335952849, "end_points_above_median": -0.9857142857142858, "beg_plus_minus": 3.3093749999999993, "end_avg_pts": 5.714285714285714, "points_above_median": 1.326666666666667, "player": "Martellus Bennett (GB, TE)", "pts": 121.7, "availability": 1.0, "auction_value": 28.583512492232167, "plus_minus": 1.467511446886446, "end_points_above_top_qtr": -1.6714285714285717, "points_above_top_qtr": -0.8266666666666662, "end_pts": 40.0, "id": "00-0026201", "beg_points_above_top_qtr": 0.09999999999999964, "relative_top_qtr_value": 0.9075316927665922, "relative_avg_value": 1.2208171497763438, "weeks": 15, "beg_pts": 81.7, "beg_points_above_median": 3.7267857142857146, "beg_avg_pts": 10.2125, "avg_pts": 8.113333333333333}, {"end_plus_minus": -0.01864583333333325, "relative_median_value": 1.1440499579006456, "end_points_above_median": -0.5, "beg_plus_minus": 2.034374999999999, "end_avg_pts": 6.2, "points_above_median": 0.977619047619048, "player": "Delanie Walker (TEN, TE)", "pts": 108.7, "availability": 0.9333333333333333, "auction_value": 24.431872381886084, "plus_minus": 1.118463827838827, "end_points_above_top_qtr": -1.185714285714286, "points_above_top_qtr": -1.1757142857142853, "end_pts": 37.2, "id": "00-0024389", "beg_points_above_top_qtr": -1.1750000000000007, "relative_top_qtr_value": 0.868488334931288, "relative_avg_value": 1.168295787481118, "weeks": 14, "beg_pts": 71.5, "beg_points_above_median": 2.4517857142857142, "beg_avg_pts": 8.9375, "avg_pts": 7.764285714285714}, {"end_plus_minus": 3.49563988095238, "relative_median_value": 1.0589390962671905, "end_points_above_median": 3.0142857142857133, "beg_plus_minus": -1.9281250000000014, "end_avg_pts": 9.714285714285714, "points_above_median": 0.40000000000000036, "player": "Coby Fleener (NO, TE)", "pts": 107.8, "availability": 1.0, "auction_value": 22.427040192063483, "plus_minus": 0.5408447802197793, "end_points_above_top_qtr": 2.3285714285714274, "points_above_top_qtr": -1.753333333333333, "end_pts": 68.0, "id": "00-0029697", "beg_points_above_top_qtr": -5.137500000000001, "relative_top_qtr_value": 0.8038777032065623, "relative_avg_value": 1.081381172932538, "weeks": 15, "beg_pts": 39.8, "beg_points_above_median": -1.5107142857142861, "beg_avg_pts": 4.975, "avg_pts": 7.1866666666666665}, {"end_plus_minus": -0.14364583333333325, "relative_median_value": 1.0, "end_points_above_median": -0.625, "beg_plus_minus": 0.6968749999999995, "end_avg_pts": 6.075, "points_above_median": 0.0, "player": "Travis Kelce (KC, TE)", "pts": 101.8, "availability": 1.0, "auction_value": 20.0, "plus_minus": 0.14084478021977898, "end_points_above_top_qtr": -1.310714285714286, "points_above_top_qtr": -2.1533333333333333, "end_pts": 48.6, "id": "00-0030506", "beg_points_above_top_qtr": -2.5125, "relative_top_qtr_value": 0.7591349739000746, "relative_avg_value": 1.0211929814891685, "weeks": 15, "beg_pts": 53.2, "beg_points_above_median": 1.1142857142857148, "beg_avg_pts": 7.6000000000000005, "avg_pts": 6.786666666666666}, {"end_plus_minus": -1.4936458333333338, "relative_median_value": 1.0744106090373282, "end_points_above_median": -1.9750000000000005, "beg_plus_minus": 1.6718749999999982, "end_avg_pts": 4.725, "points_above_median": 0.5050000000000008, "player": "Dwayne Allen (NE, TE)", "pts": 87.5, "availability": 0.8, "auction_value": 18.4697305089914, "plus_minus": 0.6458447802197798, "end_points_above_top_qtr": -2.6607142857142865, "points_above_top_qtr": -1.6483333333333325, "end_pts": 18.9, "id": "00-0029689", "beg_points_above_top_qtr": -1.5375000000000014, "relative_top_qtr_value": 0.8156226696495154, "relative_avg_value": 1.0971805731864224, "weeks": 12, "beg_pts": 68.6, "beg_points_above_median": 2.0892857142857135, "beg_avg_pts": 8.575, "avg_pts": 7.291666666666667}, {"end_plus_minus": 0.8956398809523805, "relative_median_value": 0.9371316306483302, "end_points_above_median": 0.4142857142857137, "beg_plus_minus": -1.2031250000000009, "end_avg_pts": 7.114285714285714, "points_above_median": -0.42666666666666586,