{"_id": "2009_qb", "year": 2009, "position": "qb", "data": [{"end_plus_minus": 14.913898809523811, "relative_median_value": 1.602595296025953, "end_points_above_median": 7.880000000000001, "beg_plus_minus": 16.194443452380956, "end_avg_pts": 20.475, "points_above_median": 7.9253333333333345, "player": "Aaron Rodgers (GB, QB)", "pts": 316.16, "availability": 1.0, "auction_value": 51.366233656890245, "plus_minus": 15.333184981684983, "end_points_above_top_qtr": 3.383571428571429, "points_above_top_qtr": 3.6640000000000015, "end_pts": 163.8, "id": "00-0023459", "beg_points_above_top_qtr": 3.640000000000004, "relative_top_qtr_value": 1.2104134762633998, "relative_avg_value": 3.669357412624091, "weeks": 15, "beg_pts": 152.36, "beg_points_above_median": 7.142857142857146, "beg_avg_pts": 21.76571428571429, "avg_pts": 21.077333333333335}, {"end_plus_minus": 13.41139880952381, "relative_median_value": 1.482258718572587, "end_points_above_median": 6.3774999999999995, "beg_plus_minus": 14.52015773809524, "end_avg_pts": 18.9725, "points_above_median": 6.342666666666666, "player": "Drew Brees (NO, QB)", "pts": 292.42, "availability": 1.0, "auction_value": 43.94181817568896, "plus_minus": 13.750518315018315, "end_points_above_top_qtr": 1.8810714285714276, "points_above_top_qtr": 2.0813333333333333, "end_pts": 151.78, "id": "00-0020531", "beg_points_above_top_qtr": 1.965714285714288, "relative_top_qtr_value": 1.1195252679938743, "relative_avg_value": 3.3938306382829473, "weeks": 15, "beg_pts": 140.64000000000001, "beg_points_above_median": 5.46857142857143, "beg_avg_pts": 20.091428571428573, "avg_pts": 19.494666666666667}, {"end_plus_minus": 10.063898809523808, "relative_median_value": 1.332522303325223, "end_points_above_median": 3.0299999999999976, "beg_plus_minus": 14.125872023809524, "end_avg_pts": 15.624999999999998, "points_above_median": 4.373333333333331, "player": "Tom Brady (NE, QB)", "pts": 262.88, "availability": 1.0, "auction_value": 35.51231377718315, "plus_minus": 11.78118498168498, "end_points_above_top_qtr": -1.4664285714285743, "points_above_top_qtr": 0.11199999999999832, "end_pts": 124.99999999999999, "id": "00-0019596", "beg_points_above_top_qtr": 1.571428571428573, "relative_top_qtr_value": 1.0064318529862173, "relative_avg_value": 3.050988982257784, "weeks": 15, "beg_pts": 137.88, "beg_points_above_median": 5.074285714285715, "beg_avg_pts": 19.697142857142858, "avg_pts": 17.525333333333332}, {"end_plus_minus": 12.00889880952381, "relative_median_value": 1.3240064882400648, "end_points_above_median": 4.975, "beg_plus_minus": 11.663014880952382, "end_avg_pts": 17.57, "points_above_median": 4.261333333333333, "player": "Philip Rivers (SD, QB)", "pts": 261.2, "availability": 1.0, "auction_value": 35.05986361803578, "plus_minus": 11.669184981684982, "end_points_above_top_qtr": 0.47857142857142776, "points_above_top_qtr": 0.0, "end_pts": 140.56, "id": "00-0022942", "beg_points_above_top_qtr": -0.8914285714285697, "relative_top_qtr_value": 1.0, "relative_avg_value": 3.031490878597585, "weeks": 15, "beg_pts": 120.64, "beg_points_above_median": 2.611428571428572, "beg_avg_pts": 17.234285714285715, "avg_pts": 17.413333333333334}, {"end_plus_minus": 10.667470238095238, "relative_median_value": 1.3213706407137065, "end_points_above_median": 3.633571428571427, "beg_plus_minus": 12.813729166666668, "end_avg_pts": 16.228571428571428, "points_above_median": 4.226666666666667, "player": "Matt Schaub (ATL, QB)", "pts": 260.68, "availability": 1.0, "auction_value": 34.92040740280302, "plus_minus": 11.634518315018315, "end_points_above_top_qtr": -0.8628571428571448, "points_above_top_qtr": -0.0346666666666664, "end_pts": 113.6, "id": "00-0022787", "beg_points_above_top_qtr": 0.259285714285717, "relative_top_qtr_value": 0.998009188361409, "relative_avg_value": 3.0254557512741904, "weeks": 15, "beg_pts": 147.08, "beg_points_above_median": 3.762142857142859, "beg_avg_pts": 18.385, "avg_pts": 17.378666666666668}, {"end_plus_minus": 11.530327380952382, "relative_median_value": 1.3388512339242264, "end_points_above_median": 4.496428571428572, "beg_plus_minus": 12.554443452380951, "end_avg_pts": 17.091428571428573, "points_above_median": 4.456571428571426, "player": "Ben Roethlisberger (PIT, QB)", "pts": 246.51999999999998, "availability": 0.9333333333333333, "auction_value": 33.46042236283458, "plus_minus": 11.864423076923075, "end_points_above_top_qtr": 0.0, "points_above_top_qtr": 0.19523809523809277, "end_pts": 119.64, "id": "00-0022924", "beg_points_above_top_qtr": 0.0, "relative_top_qtr_value": 1.0112119886239332, "relative_avg_value": 3.065479919841979, "weeks": 14, "beg_pts": 126.88, "beg_points_above_median": 3.502857142857142, "beg_avg_pts": 18.125714285714285, "avg_pts": 17.608571428571427}, {"end_plus_minus": 11.796041666666667, "relative_median_value": 1.1643349553933493, "end_points_above_median": 4.762142857142857, "beg_plus_minus": 7.953729166666667, "end_avg_pts": 17.357142857142858, "points_above_median": 2.1613333333333316, "player": "Eli Manning (NYG, QB)", "pts": 229.7, "availability": 1.0, "auction_value": 27.113517767016653, "plus_minus": 9.56918498168498, "end_points_above_top_qtr": 0.2657142857142851, "points_above_top_qtr": -2.1000000000000014, "end_pts": 121.5, "id": "00-0022803", "beg_points_above_top_qtr": -4.600714285714284, "relative_top_qtr_value": 0.8794027565084226, "relative_avg_value": 2.6659014349688563, "weeks": 15, "beg_pts": 108.2, "beg_points_above_median": -1.0978571428571424, "beg_avg_pts": 13.525, "avg_pts": 15.313333333333333}, {"end_plus_minus": 6.23139880952381, "relative_median_value": 1.049574209245742, "end_points_above_median": -0.8025000000000002, "beg_plus_minus": 10.53158630952381, "end_avg_pts": 11.7925, "points_above_median": 0.6519999999999992, "player": "Carson Palmer (ARI, QB)", "pts": 207.06, "availability": 1.0, "auction_value": 22.032120414276495, "plus_minus": 8.059851648351648, "end_points_above_top_qtr": -5.298928571428572, "points_above_top_qtr": -3.6093333333333337, "end_pts": 94.34, "id": "00-0021429", "beg_points_above_top_qtr": -2.0228571428571414, "relative_top_qtr_value": 0.7927258805513017, "relative_avg_value": 2.4031412761195097, "weeks": 15, "beg_pts": 112.72, "beg_points_above_median": 1.4800000000000004, "beg_avg_pts": 16.102857142857143, "avg_pts": 13.804}, {"end_plus_minus": 5.273898809523811, "relative_median_value": 1.0281832927818328, "end_points_above_median": -1.7599999999999998, "beg_plus_minus": 11.023014880952381, "end_avg_pts": 10.835, "points_above_median": 0.3706666666666667, "player": "Joe Flacco (BAL, QB)", "pts": 202.84, "availability": 1.0, "auction_value": 21.143217671113845, "plus_minus": 7.7785183150183155, "end_points_above_top_qtr": -6.256428571428572, "points_above_top_qtr": -3.8906666666666663, "end_pts": 86.68, "id": "00-0026158", "beg_points_above_top_qtr": -1.5314285714285703, "relative_top_qtr_value": 0.7765696784073507, "relative_avg_value": 2.3541638966873437, "weeks": 15, "beg_pts": 116.16, "beg_points_above_median": 1.9714285714285715, "beg_avg_pts": 16.594285714285714, "avg_pts": 13.522666666666668}, {"end_plus_minus": 5.765565476190476, "relative_median_value": 0.9961632041924011, "end_points_above_median": -1.2683333333333344, "beg_plus_minus": 9.05158630952381, "end_avg_pts": 11.326666666666666, "points_above_median": -0.050461538461540556, "player": "Matt Ryan (ATL, QB)", "pts": 170.32, "availability": 0.8666666666666667, "auction_value": 17.200579576039104, "plus_minus": 7.357390109890108, "end_points_above_top_qtr": -5.764761904761906, "points_above_top_qtr": -4.3117948717948735, "end_pts": 67.96, "id": "00-0026143", "beg_points_above_top_qtr": -3.502857142857142, "relative_top_qtr_value": 0.752385439981152, "relative_avg_value": 2.2808495984924932, "weeks": 13, "beg_pts": 102.36, "beg_points_above_median": 0.0, "beg_avg_pts": 14.622857142857143, "avg_pts": 13.10153846153846}, {"end_plus_minus": 4.67889880952381,