{"_id": "2009_te", "year": 2009, "position": "te", "data": [{"end_plus_minus": 9.210933779761904, "relative_median_value": 2.501567398119122, "end_points_above_median": 6.249999999999999, "beg_plus_minus": 10.618035714285714, "end_avg_pts": 10.0125, "points_above_median": 6.386666666666666, "player": "Vernon Davis (WAS, TE)", "pts": 159.6, "availability": 1.0, "auction_value": 125.1567889466495, "plus_minus": 9.86705128205128, "end_points_above_top_qtr": 0.9124999999999996, "points_above_top_qtr": 1.6066666666666656, "end_pts": 80.1, "id": "00-0024221", "beg_points_above_top_qtr": 2.4000000000000004, "relative_top_qtr_value": 1.1778597785977858, "relative_avg_value": 13.765466909935313, "weeks": 15, "beg_pts": 79.5, "beg_points_above_median": 6.542857142857143, "beg_avg_pts": 11.357142857142858, "avg_pts": 10.639999999999999}, {"end_plus_minus": 10.723433779761905, "relative_median_value": 2.4529780564263324, "end_points_above_median": 7.7625, "beg_plus_minus": 8.446607142857141, "end_avg_pts": 11.525, "points_above_median": 6.180000000000001, "player": "Antonio Gates (SD, TE)", "pts": 156.5, "availability": 1.0, "auction_value": 120.34202690618214, "plus_minus": 9.660384615384615, "end_points_above_top_qtr": 2.4250000000000007, "points_above_top_qtr": 1.4000000000000004, "end_pts": 92.2, "id": "00-0021547", "beg_points_above_top_qtr": 0.22857142857142776, "relative_top_qtr_value": 1.1549815498154983, "relative_avg_value": 13.498092552662134, "weeks": 15, "beg_pts": 64.3, "beg_points_above_median": 4.37142857142857, "beg_avg_pts": 9.185714285714285, "avg_pts": 10.433333333333334}, {"end_plus_minus": 8.298433779761904, "relative_median_value": 2.1238244514106586, "end_points_above_median": 5.3374999999999995, "beg_plus_minus": 8.218035714285714, "end_avg_pts": 9.1, "points_above_median": 4.78, "player": "Brent Celek (PHI, TE)", "pts": 135.5, "availability": 1.0, "auction_value": 90.2126060081957, "plus_minus": 8.260384615384615, "end_points_above_top_qtr": 0.0, "points_above_top_qtr": 0.0, "end_pts": 72.8, "id": "00-0025549", "beg_points_above_top_qtr": 0.0, "relative_top_qtr_value": 1.0, "relative_avg_value": 11.686846906618014, "weeks": 15, "beg_pts": 62.7, "beg_points_above_median": 4.142857142857142, "beg_avg_pts": 8.957142857142857, "avg_pts": 9.033333333333333}, {"end_plus_minus": 6.773433779761905, "relative_median_value": 1.5893416927899688, "end_points_above_median": 3.8125, "beg_plus_minus": 5.0894642857142856, "end_avg_pts": 7.575, "points_above_median": 2.5066666666666677, "player": "Jason Witten (DAL, TE)", "pts": 101.4, "availability": 1.0, "auction_value": 50.520140328809674, "plus_minus": 5.987051282051283, "end_points_above_top_qtr": -1.5249999999999995, "points_above_top_qtr": -2.2733333333333325, "end_pts": 60.6, "id": "00-0022127", "beg_points_above_top_qtr": -3.128571428571429, "relative_top_qtr_value": 0.748339483394834, "relative_avg_value": 8.745728976613039, "weeks": 15, "beg_pts": 40.8, "beg_points_above_median": 1.0142857142857133, "beg_avg_pts": 5.828571428571428, "avg_pts": 6.760000000000001}, {"end_plus_minus": 5.985933779761904, "relative_median_value": 1.4702194357366771, "end_points_above_median": 3.0249999999999995, "beg_plus_minus": 4.9037500000000005, "end_avg_pts": 6.7875, "points_above_median": 2.0, "player": "Greg Olsen (CAR, TE)", "pts": 93.8, "availability": 1.0, "auction_value": 43.230903784357466, "plus_minus": 5.480384615384615, "end_points_above_top_qtr": -2.3125, "points_above_top_qtr": -2.7800000000000002, "end_pts": 54.3, "id": "00-0025418", "beg_points_above_top_qtr": -3.314285714285714, "relative_top_qtr_value": 0.692250922509225, "relative_avg_value": 8.090230552330404, "weeks": 15, "beg_pts": 39.5, "beg_points_above_median": 0.8285714285714283, "beg_avg_pts": 5.642857142857143, "avg_pts": 6.253333333333333}, {"end_plus_minus": 2.6984337797619045, "relative_median_value": 1.3166144200626961, "end_points_above_median": -0.2625000000000002, "beg_plus_minus": 6.960892857142857, "end_avg_pts": 3.5, "points_above_median": 1.3466666666666676, "player": "Benjamin Watson (BAL, TE)", "pts": 67.2, "availability": 0.8, "auction_value": 27.73557649787248, "plus_minus": 4.827051282051283, "end_points_above_top_qtr": -5.6, "points_above_top_qtr": -3.4333333333333327, "end_pts": 21.0, "id": "00-0022943", "beg_points_above_top_qtr": -1.2571428571428571, "relative_top_qtr_value": 0.6199261992619927, "relative_avg_value": 7.244982584176482, "weeks": 12, "beg_pts": 46.2, "beg_points_above_median": 2.8857142857142852, "beg_avg_pts": 7.7, "avg_pts": 5.6000000000000005}, {"end_plus_minus": 2.9609337797619046, "relative_median_value": 1.0, "end_points_above_median": 0.0, "beg_plus_minus": 4.075178571428572, "end_avg_pts": 3.7625, "points_above_median": 0.0, "player": "Marcedes Lewis (JAC, TE)", "pts": 63.8, "availability": 1.0, "auction_value": 20.0, "plus_minus": 3.480384615384615, "end_points_above_top_qtr": -5.3374999999999995, "points_above_top_qtr": -4.78, "end_pts": 30.1, "id": "00-0024243", "beg_points_above_top_qtr": -4.142857142857142, "relative_top_qtr_value": 0.4708487084870848, "relative_avg_value": 5.502736772267374, "weeks": 15, "beg_pts": 33.7, "beg_points_above_median": 0.0, "beg_avg_pts": 4.814285714285715, "avg_pts": 4.253333333333333}, {"end_plus_minus": 3.6151004464285714, "relative_median_value": 0.6836267181094767, "end_points_above_median": 0.6541666666666668, "beg_plus_minus": 0.8751785714285715, "end_avg_pts": 4.416666666666667, "points_above_median": -1.3456410256410254, "player": "Anthony Fasano (MIA, TE)", "pts": 37.8, "availability": 0.8666666666666667, "auction_value": 8.100655155027654, "plus_minus": 2.13474358974359, "end_points_above_top_qtr": -4.683333333333333, "points_above_top_qtr": -6.125641025641025, "end_pts": 26.5, "id": "00-0024268", "beg_points_above_top_qtr": -7.342857142857143, "relative_top_qtr_value": 0.32188475730911154, "relative_avg_value": 3.7618178802454803, "weeks": 13, "beg_pts": 11.3, "beg_points_above_median": -3.2000000000000006, "beg_avg_pts": 1.6142857142857143, "avg_pts": 2.9076923076923076}, {"end_plus_minus": 1.1609337797619046, "relative_median_value": 0.3463949843260188, "end_points_above_median": -1.8000000000000003, "beg_plus_minus": 0.17517857142857152, "end_avg_pts": 1.9625, "points_above_median": -2.78, "player": "Delanie Walker (TEN, TE)", "pts": 22.099999999999998, "availability": 1.0, "auction_value": 2.3997897033244557, "plus_minus": 0.7003846153846153, "end_points_above_top_qtr": -7.137499999999999, "points_above_top_qtr": -7.5600000000000005, "end_pts": 15.7, "id": "00-0024389", "beg_points_above_top_qtr": -8.042857142857143, "relative_top_qtr_value": 0.16309963099630995, "relative_avg_value": 1.9061204179797644, "weeks": 15, "beg_pts": 6.4, "beg_points_above_median": -3.9000000000000004, "beg_avg_pts": 0.9142857142857144, "avg_pts": 1.4733333333333332}, {"end_plus_minus": 0.5784337797619048, "relative_median_value": 0.3115203761755486, "end_points_above_median": -2.3825000000000003, "beg_plus_minus": 0.546607142857143, "end_avg_pts": 1.3800000000000001, "points_above_median": -2.928333333333333, "player": "Martellus Bennett (GB, TE)", "pts": 15.9, "availability": 0.8, "auction_value": 1.552719116360885, "plus_minus": 0.5520512820512821, "end_points_above_top_qtr": -7.72, "points_above_top_qtr": -7.708333333333333, "end_pts": 6.9, "id": "00-0026201", "beg_points_above_top_qtr": -7.671428571428572, "relative_top_qtr_value": 0.14667896678966788, "relative_avg_value": 1.7142146292917566, "weeks": 12, "beg_pts": 9.0, "beg_points_above_median": -3.5285714285714294, "beg_avg_pts": 1.2857142857142858, "avg_pts": 1.325}, {"end_plus_minus": 0.812719494047619, "relative_median_value": 0.286050156739812, "end_points_above_median": -2.148214285714286, "beg_plus_minus": -0.07910714285714293, "end_avg_pts": 1.6142857142857143, "points_above_median": -3.036666666666666, "player": "Zach Miller (CHI, TE)", "pts": 14.600000000000001, "availability": 0.8,