{"_id": "2009_rb", "year": 2009, "position": "rb", "data": [{"end_plus_minus": 16.432425595238094, "relative_median_value": 1.8337912087912087, "end_points_above_median": 8.226785714285713, "beg_plus_minus": 17.753125, "end_avg_pts": 17.014285714285712, "points_above_median": 8.093333333333334, "player": "Adrian Peterson (NO, RB)", "pts": 267.0, "availability": 1.0, "auction_value": 67.25580394879844, "plus_minus": 17.152288510101013, "end_points_above_top_qtr": 1.5267857142857117, "points_above_top_qtr": 2.3076923076923084, "end_pts": 119.1, "id": "00-0025394", "beg_points_above_top_qtr": 2.907499999999999, "relative_top_qtr_value": 1.1489572989076464, "relative_avg_value": 27.481371378444898, "weeks": 15, "beg_pts": 147.9, "beg_points_above_median": 8.930357142857142, "beg_avg_pts": 18.4875, "avg_pts": 17.8}, {"end_plus_minus": 14.855639880952381, "relative_median_value": 1.5960481825866442, "end_points_above_median": 6.65, "beg_plus_minus": 14.845625000000002, "end_avg_pts": 15.4375, "points_above_median": 5.785641025641025, "player": "Frank Gore (IND, RB)", "pts": 201.4, "availability": 0.8666666666666667, "auction_value": 44.154409886394255, "plus_minus": 14.844596202408702, "end_points_above_top_qtr": -0.05000000000000071, "points_above_top_qtr": 0.0, "end_pts": 123.5, "id": "00-0023500", "beg_points_above_top_qtr": 0.0, "relative_top_qtr_value": 1.0, "relative_avg_value": 23.91853152817114, "weeks": 13, "beg_pts": 77.9, "beg_points_above_median": 6.022857142857143, "beg_avg_pts": 15.580000000000002, "avg_pts": 15.492307692307692}, {"end_plus_minus": 12.393139880952381, "relative_median_value": 1.17239010989011, "end_points_above_median": 4.1875, "beg_plus_minus": 8.822767857142859, "end_avg_pts": 12.975, "points_above_median": 1.6733333333333338, "player": "Jonathan Stewart (CAR, RB)", "pts": 170.70000000000002, "availability": 1.0, "auction_value": 27.48997139536288, "plus_minus": 10.73228851010101, "end_points_above_top_qtr": -2.512500000000001, "points_above_top_qtr": -4.1123076923076916, "end_pts": 103.8, "id": "00-0026153", "beg_points_above_top_qtr": -6.022857142857143, "relative_top_qtr_value": 0.7345580933465741, "relative_avg_value": 17.56955091498331, "weeks": 15, "beg_pts": 66.9, "beg_points_above_median": 0.0, "beg_avg_pts": 9.557142857142859, "avg_pts": 11.38}, {"end_plus_minus": 14.905639880952382, "relative_median_value": 1.0706927001569857, "end_points_above_median": 6.700000000000001, "beg_plus_minus": 2.865625, "end_avg_pts": 15.4875, "points_above_median": 0.6861904761904754, "player": "Jamaal Charles (DEN, RB)", "pts": 145.5, "availability": 0.9333333333333333, "auction_value": 21.39914668582986, "plus_minus": 9.745145652958152, "end_points_above_top_qtr": 0.0, "points_above_top_qtr": -5.09945054945055, "end_pts": 123.9, "id": "00-0026213", "beg_points_above_top_qtr": -11.980000000000002, "relative_top_qtr_value": 0.6708398354376507, "relative_avg_value": 16.045503754268587, "weeks": 14, "beg_pts": 21.6, "beg_points_above_median": -5.957142857142859, "beg_avg_pts": 3.6, "avg_pts": 10.392857142857142}, {"end_plus_minus": 8.205639880952381, "relative_median_value": 1.0, "end_points_above_median": 0.0, "beg_plus_minus": 10.022767857142856, "end_avg_pts": 8.7875, "points_above_median": 0.0, "player": "Matt Forte (NYJ, RB)", "pts": 145.6, "availability": 1.0, "auction_value": 20.0, "plus_minus": 9.058955176767677, "end_points_above_top_qtr": -6.700000000000001, "points_above_top_qtr": -5.785641025641025, "end_pts": 70.3, "id": "00-0026184", "beg_points_above_top_qtr": -4.822857142857146, "relative_top_qtr_value": 0.6265475008275405, "relative_avg_value": 14.986096152440362, "weeks": 15, "beg_pts": 75.3, "beg_points_above_median": 1.1999999999999975, "beg_avg_pts": 10.757142857142856, "avg_pts": 9.706666666666667}, {"end_plus_minus": 7.368139880952381, "relative_median_value": 0.9601648351648352, "end_points_above_median": -0.8375000000000004, "beg_plus_minus": 10.151339285714286, "end_avg_pts": 7.949999999999999, "points_above_median": -0.3866666666666667, "player": "Tim Hightower (SF, RB)", "pts": 139.8, "availability": 1.0, "auction_value": 18.4383302137423, "plus_minus": 8.67228851010101, "end_points_above_top_qtr": -7.537500000000001, "points_above_top_qtr": -6.172307692307692, "end_pts": 63.599999999999994, "id": "00-0026289", "beg_points_above_top_qtr": -4.694285714285716, "relative_top_qtr_value": 0.6015888778550149, "relative_avg_value": 14.389122541972272, "weeks": 15, "beg_pts": 76.2, "beg_points_above_median": 1.3285714285714274, "beg_avg_pts": 10.885714285714286, "avg_pts": 9.32}, {"end_plus_minus": 7.2431398809523815, "relative_median_value": 0.8392857142857142, "end_points_above_median": -0.9624999999999995, "beg_plus_minus": 7.779910714285714, "end_avg_pts": 7.825, "points_above_median": -1.5600000000000005, "player": "Darren Sproles (PHI, RB)", "pts": 122.2, "availability": 1.0, "auction_value": 14.088010204081629, "plus_minus": 7.4989551767676765, "end_points_above_top_qtr": -7.6625000000000005, "points_above_top_qtr": -7.345641025641026, "end_pts": 62.6, "id": "00-0023564", "beg_points_above_top_qtr": -7.065714285714288, "relative_top_qtr_value": 0.5258523667659715, "relative_avg_value": 12.577616413655305, "weeks": 15, "beg_pts": 59.599999999999994, "beg_points_above_median": -1.0428571428571445, "beg_avg_pts": 8.514285714285714, "avg_pts": 8.146666666666667}, {"end_plus_minus": 7.418139880952381, "relative_median_value": 0.7939560439560439, "end_points_above_median": -0.7874999999999996, "beg_plus_minus": 6.637053571428571, "end_avg_pts": 8.0, "points_above_median": -2.000000000000001, "player": "LeSean McCoy (BUF, RB)", "pts": 115.6, "availability": 1.0, "auction_value": 12.607323994686631, "plus_minus": 7.058955176767676, "end_points_above_top_qtr": -7.487500000000001, "points_above_top_qtr": -7.785641025641026, "end_pts": 64.0, "id": "00-0027029", "beg_points_above_top_qtr": -8.208571428571432, "relative_top_qtr_value": 0.49745117510758025, "relative_avg_value": 11.898301615536441, "weeks": 15, "beg_pts": 51.599999999999994, "beg_points_above_median": -2.1857142857142877, "beg_avg_pts": 7.371428571428571, "avg_pts": 7.706666666666666}, {"end_plus_minus": 4.089568452380953, "relative_median_value": 0.6241414835164836, "end_points_above_median": -4.116071428571428, "beg_plus_minus": 7.265625, "end_avg_pts": 4.671428571428572, "points_above_median": -3.6483333333333334, "player": "Marshawn Lynch (OAK, RB)", "pts": 72.7, "availability": 0.8, "auction_value": 6.232841463138512, "plus_minus": 5.410621843434344, "end_points_above_top_qtr": -10.81607142857143, "points_above_top_qtr": -9.433974358974359, "end_pts": 32.7, "id": "00-0025399", "beg_points_above_top_qtr": -7.580000000000002, "relative_top_qtr_value": 0.3910542866600464, "relative_avg_value": 9.353444284704794, "weeks": 12, "beg_pts": 40.0, "beg_points_above_median": -1.5571428571428587, "beg_avg_pts": 8.0, "avg_pts": 6.058333333333334}, {"end_plus_minus": 4.760997023809524, "relative_median_value": 0.5544455544455544, "end_points_above_median": -3.444642857142857, "beg_plus_minus": 4.715625, "end_avg_pts": 5.3428571428571425, "points_above_median": -4.324848484848485, "player": "Darren McFadden (DAL, RB)", "pts": 59.2, "availability": 0.7333333333333333, "auction_value": 4.5086781350517615, "plus_minus": 4.734106691919192, "end_points_above_top_qtr": -10.144642857142859, "points_above_top_qtr": -10.110489510489511, "end_pts": 37.4, "id": "00-0026144", "beg_points_above_top_qtr": -10.130000000000003, "relative_top_qtr_value": 0.3473864764828022, "relative_avg_value": 8.308974390214187, "weeks": 11, "beg_pts": 21.8, "beg_points_above_median": -4.1071428571428585, "beg_avg_pts": 5.45, "avg_pts": 5.381818181818182}, {"end_plus_minus": 1.5581398809523805, "relative_median_value": 0.22493131868131866, "end_points_above_median": -6.6475, "beg_plus_minus": 1.665625, "end_avg_pts": 2.1399999999999997, "points_above_median": -7.523333333333333,