{"_id": "2009_wr", "year": 2009, "position": "wr", "data": [{"end_plus_minus": 10.799910714285714, "relative_median_value": 2.1617473435655254, "end_points_above_median": 6.921428571428572, "beg_plus_minus": 11.048407738095237, "end_avg_pts": 13.071428571428571, "points_above_median": 7.028571428571428, "player": "DeSean Jackson (TB, WR)", "pts": 183.1, "availability": 0.9333333333333333, "auction_value": 130.84824416755293, "plus_minus": 10.936028069153068, "end_points_above_top_qtr": 4.7142857142857135, "points_above_top_qtr": 5.178571428571428, "end_pts": 91.5, "id": "00-0026189", "beg_points_above_top_qtr": 5.219047619047618, "relative_top_qtr_value": 1.6555153707052441, "relative_avg_value": 6.104227189185984, "weeks": 14, "beg_pts": 91.6, "beg_points_above_median": 8.7, "beg_avg_pts": 13.085714285714285, "avg_pts": 13.078571428571427}, {"end_plus_minus": 10.053482142857142, "relative_median_value": 1.977961432506887, "end_points_above_median": 6.175, "beg_plus_minus": 9.51983630952381, "end_avg_pts": 12.325, "points_above_median": 5.916666666666667, "player": "Larry Fitzgerald (ARI, WR)", "pts": 179.5, "availability": 1.0, "auction_value": 117.3699428545409, "plus_minus": 9.824123307248307, "end_points_above_top_qtr": 3.9678571428571416, "points_above_top_qtr": 4.066666666666667, "end_pts": 98.6, "id": "00-0022921", "beg_points_above_top_qtr": 3.6904761904761916, "relative_top_qtr_value": 1.5147679324894516, "relative_avg_value": 5.585262307090617, "weeks": 15, "beg_pts": 80.9, "beg_points_above_median": 7.171428571428573, "beg_avg_pts": 11.557142857142859, "avg_pts": 11.966666666666667}, {"end_plus_minus": 11.953482142857144, "relative_median_value": 1.9382920110192838, "end_points_above_median": 8.075000000000003, "beg_plus_minus": 6.834122023809524, "end_avg_pts": 14.225000000000001, "points_above_median": 5.676666666666667, "player": "Brandon Marshall (NYG, WR)", "pts": 175.9, "availability": 1.0, "auction_value": 112.70927759943538, "plus_minus": 9.584123307248307, "end_points_above_top_qtr": 5.867857142857144, "points_above_top_qtr": 3.826666666666667, "end_pts": 113.80000000000001, "id": "00-0024334", "beg_points_above_top_qtr": 1.0047619047619047, "relative_top_qtr_value": 1.4843881856540084, "relative_avg_value": 5.4732459042743145, "weeks": 15, "beg_pts": 62.1, "beg_points_above_median": 4.485714285714286, "beg_avg_pts": 8.871428571428572, "avg_pts": 11.726666666666667}, {"end_plus_minus": 5.661815476190476, "relative_median_value": 1.305785123966942, "end_points_above_median": 1.783333333333334, "beg_plus_minus": 5.829360119047619, "end_avg_pts": 7.933333333333334, "points_above_median": 1.8499999999999996, "player": "Jeremy Maclin (BAL, WR)", "pts": 94.8, "availability": 0.8, "auction_value": 40.92179495936069, "plus_minus": 5.7574566405816405, "end_points_above_top_qtr": -0.4238095238095241, "points_above_top_qtr": 0.0, "end_pts": 47.6, "id": "00-0026995", "beg_points_above_top_qtr": 0.0, "relative_top_qtr_value": 1.0, "relative_avg_value": 3.687206592703276, "weeks": 12, "beg_pts": 47.2, "beg_points_above_median": 3.480952380952381, "beg_avg_pts": 7.866666666666667, "avg_pts": 7.8999999999999995}, {"end_plus_minus": 6.085625, "relative_median_value": 1.1983471074380165, "end_points_above_median": 2.207142857142858, "beg_plus_minus": 4.105550595238096, "end_avg_pts": 8.357142857142858, "points_above_median": 1.2000000000000002, "player": "Pierre Garcon (SF, WR)", "pts": 101.5, "availability": 0.9333333333333333, "auction_value": 40.20900211734171, "plus_minus": 5.10745664058164, "end_points_above_top_qtr": 0.0, "points_above_top_qtr": -0.6499999999999995, "end_pts": 58.5, "id": "00-0026345", "beg_points_above_top_qtr": -1.723809523809524, "relative_top_qtr_value": 0.9177215189873419, "relative_avg_value": 3.3838288350757915, "weeks": 14, "beg_pts": 43.0, "beg_points_above_median": 1.7571428571428571, "beg_avg_pts": 6.142857142857143, "avg_pts": 7.25}, {"end_plus_minus": 3.8784821428571425, "relative_median_value": 1.1239669421487604, "end_points_above_median": 0.0, "beg_plus_minus": 5.505550595238095, "end_avg_pts": 6.1499999999999995, "points_above_median": 0.75, "player": "Mike Wallace (BAL, WR)", "pts": 102.0, "availability": 1.0, "auction_value": 37.89905061129704, "plus_minus": 4.657456640581641, "end_points_above_top_qtr": -2.207142857142858, "points_above_top_qtr": -1.0999999999999996, "end_pts": 49.199999999999996, "id": "00-0026901", "beg_points_above_top_qtr": -0.32380952380952444, "relative_top_qtr_value": 0.8607594936708861, "relative_avg_value": 3.173798079795225, "weeks": 15, "beg_pts": 52.8, "beg_points_above_median": 3.1571428571428566, "beg_avg_pts": 7.542857142857143, "avg_pts": 6.8}, {"end_plus_minus": 5.5999107142857145, "relative_median_value": 1.0, "end_points_above_median": 1.7214285714285724, "beg_plus_minus": 2.191264880952381, "end_avg_pts": 7.871428571428572, "points_above_median": 0.0, "player": "Kenny Britt (CLE, WR)", "pts": 84.7, "availability": 0.9333333333333333, "auction_value": 28.0, "plus_minus": 3.9074566405816404, "end_points_above_top_qtr": -0.48571428571428577, "points_above_top_qtr": -1.8499999999999996, "end_pts": 55.1, "id": "00-0027006", "beg_points_above_top_qtr": -3.6380952380952385, "relative_top_qtr_value": 0.7658227848101267, "relative_avg_value": 2.8237468209942813, "weeks": 14, "beg_pts": 29.6, "beg_points_above_median": -0.15714285714285747, "beg_avg_pts": 4.228571428571429, "avg_pts": 6.05}, {"end_plus_minus": 4.603482142857143, "relative_median_value": 1.1024793388429752, "end_points_above_median": 0.7250000000000005, "beg_plus_minus": 3.812693452380952, "end_avg_pts": 6.875, "points_above_median": 0.6200000000000001, "player": "Michael Crabtree (OAK, WR)", "pts": 66.7, "availability": 0.6666666666666666, "auction_value": 24.309213851512872, "plus_minus": 4.52745664058164, "end_points_above_top_qtr": -1.4821428571428577, "points_above_top_qtr": -1.2299999999999995, "end_pts": 55.0, "id": "00-0026986", "beg_points_above_top_qtr": -2.0166666666666675, "relative_top_qtr_value": 0.8443037974683545, "relative_avg_value": 3.113122528269728, "weeks": 10, "beg_pts": 11.7, "beg_points_above_median": 1.4642857142857135, "beg_avg_pts": 5.85, "avg_pts": 6.67}, {"end_plus_minus": 0.6659821428571431, "relative_median_value": 0.5972451790633608, "end_points_above_median": -3.2124999999999995, "beg_plus_minus": 2.3484077380952386, "end_avg_pts": 2.9375, "points_above_median": -2.436666666666667, "player": "Ted Ginn (NO, WR)", "pts": 54.199999999999996, "availability": 1.0, "auction_value": 10.70105411743278, "plus_minus": 1.4707899739149735, "end_points_above_top_qtr": -5.419642857142858, "points_above_top_qtr": -4.286666666666667, "end_pts": 23.5, "id": "00-0025396", "beg_points_above_top_qtr": -3.480952380952381, "relative_top_qtr_value": 0.4573839662447257, "relative_avg_value": 1.6864691757343253, "weeks": 15, "beg_pts": 30.700000000000003, "beg_points_above_median": 0.0, "beg_avg_pts": 4.385714285714286, "avg_pts": 3.613333333333333}, {"end_plus_minus": 0.9284821428571433, "relative_median_value": 0.5895316804407714, "end_points_above_median": -2.9499999999999993, "beg_plus_minus": 1.8226934523809528, "end_avg_pts": 3.2, "points_above_median": -2.483333333333333, "player": "Julian Edelman (NE, WR)", "pts": 32.1, "availability": 0.6, "auction_value": 6.2558568403797565, "plus_minus": 1.4241233072483075, "end_points_above_top_qtr": -5.1571428571428575, "points_above_top_qtr": -4.333333333333332, "end_pts": 12.8, "id": "00-0027150", "beg_points_above_top_qtr": -4.006666666666667, "relative_top_qtr_value": 0.4514767932489452, "relative_avg_value": 1.6646882085200447, "weeks": 9, "beg_pts": 19.3, "beg_points_above_median": -0.5257142857142858, "beg_avg_pts": 3.8600000000000003, "avg_pts": 3.566666666666667}, {"end_plus_minus": 0.6570535714285715, "relative_median_value": 0.5082644628099173, "end_points_above_median": -3.221428571428571, "beg_plus_minus": 1.2426934523809523,