{"_id": "2009_wr", "year": 2009, "position": "wr", "data": [{"end_plus_minus": 12.930456845238094, "relative_median_value": 2.1617473435655254, "end_points_above_median": 6.921428571428572, "beg_plus_minus": 12.951397321428571, "end_avg_pts": 13.071428571428571, "points_above_median": 7.028571428571428, "player": "DeSean Jackson (TB, WR)", "pts": 183.1, "availability": 0.9333333333333333, "auction_value": 109.0402034729608, "plus_minus": 12.947619318181816, "end_points_above_top_qtr": 4.7142857142857135, "points_above_top_qtr": 5.178571428571428, "end_pts": 91.5, "id": "00-0026189", "beg_points_above_top_qtr": 5.219047619047618, "relative_top_qtr_value": 1.6555153707052441, "relative_avg_value": 99.87293362176368, "weeks": 14, "beg_pts": 91.6, "beg_points_above_median": 8.7, "beg_avg_pts": 13.085714285714285, "avg_pts": 13.078571428571427}, {"end_plus_minus": 12.184028273809522, "relative_median_value": 1.977961432506887, "end_points_above_median": 6.175, "beg_plus_minus": 11.422825892857144, "end_avg_pts": 12.325, "points_above_median": 5.916666666666667, "player": "Larry Fitzgerald (ARI, WR)", "pts": 179.5, "availability": 1.0, "auction_value": 97.80828571211741, "plus_minus": 11.835714556277056, "end_points_above_top_qtr": 3.9678571428571416, "points_above_top_qtr": 4.066666666666667, "end_pts": 98.6, "id": "00-0022921", "beg_points_above_top_qtr": 3.6904761904761916, "relative_top_qtr_value": 1.5147679324894516, "relative_avg_value": 91.38200698761774, "weeks": 15, "beg_pts": 80.9, "beg_points_above_median": 7.171428571428573, "beg_avg_pts": 11.557142857142859, "avg_pts": 11.966666666666667}, {"end_plus_minus": 14.084028273809524, "relative_median_value": 1.9382920110192838, "end_points_above_median": 8.075000000000003, "beg_plus_minus": 8.737111607142857, "end_avg_pts": 14.225000000000001, "points_above_median": 5.676666666666667, "player": "Brandon Marshall (NYG, WR)", "pts": 175.9, "availability": 1.0, "auction_value": 93.92439799952949, "plus_minus": 11.595714556277056, "end_points_above_top_qtr": 5.867857142857144, "points_above_top_qtr": 3.826666666666667, "end_pts": 113.80000000000001, "id": "00-0024334", "beg_points_above_top_qtr": 1.0047619047619047, "relative_top_qtr_value": 1.4843881856540084, "relative_avg_value": 89.54927592825605, "weeks": 15, "beg_pts": 62.1, "beg_points_above_median": 4.485714285714286, "beg_avg_pts": 8.871428571428572, "avg_pts": 11.726666666666667}, {"end_plus_minus": 7.792361607142857, "relative_median_value": 1.305785123966942, "end_points_above_median": 1.783333333333334, "beg_plus_minus": 7.732349702380953, "end_avg_pts": 7.933333333333334, "points_above_median": 1.8499999999999996, "player": "Jeremy Maclin (BAL, WR)", "pts": 94.8, "availability": 0.8, "auction_value": 34.10149579946724, "plus_minus": 7.769047889610389, "end_points_above_top_qtr": -0.4238095238095241, "points_above_top_qtr": 0.0, "end_pts": 47.6, "id": "00-0026995", "beg_points_above_top_qtr": 0.0, "relative_top_qtr_value": 1.0, "relative_avg_value": 60.327397370655724, "weeks": 12, "beg_pts": 47.2, "beg_points_above_median": 3.480952380952381, "beg_avg_pts": 7.866666666666667, "avg_pts": 7.8999999999999995}, {"end_plus_minus": 8.21617113095238, "relative_median_value": 1.1983471074380165, "end_points_above_median": 2.207142857142858, "beg_plus_minus": 6.008540178571429, "end_avg_pts": 8.357142857142858, "points_above_median": 1.2000000000000002, "player": "Pierre Garcon (SF, WR)", "pts": 101.5, "availability": 0.9333333333333333, "auction_value": 33.507501764451426, "plus_minus": 7.11904788961039, "end_points_above_top_qtr": 0.0, "points_above_top_qtr": -0.6499999999999995, "end_pts": 58.5, "id": "00-0026345", "beg_points_above_top_qtr": -1.723809523809524, "relative_top_qtr_value": 0.9177215189873419, "relative_avg_value": 55.363750751551144, "weeks": 14, "beg_pts": 43.0, "beg_points_above_median": 1.7571428571428571, "beg_avg_pts": 6.142857142857143, "avg_pts": 7.25}, {"end_plus_minus": 6.009028273809523, "relative_median_value": 1.1239669421487604, "end_points_above_median": 0.0, "beg_plus_minus": 7.408540178571428, "end_avg_pts": 6.1499999999999995, "points_above_median": 0.75, "player": "Mike Wallace (BAL, WR)", "pts": 102.0, "availability": 1.0, "auction_value": 31.582542176080867, "plus_minus": 6.66904788961039, "end_points_above_top_qtr": -2.207142857142858, "points_above_top_qtr": -1.0999999999999996, "end_pts": 49.199999999999996, "id": "00-0026901", "beg_points_above_top_qtr": -0.32380952380952444, "relative_top_qtr_value": 0.8607594936708861, "relative_avg_value": 51.92738001524797, "weeks": 15, "beg_pts": 52.8, "beg_points_above_median": 3.1571428571428566, "beg_avg_pts": 7.542857142857143, "avg_pts": 6.8}, {"end_plus_minus": 7.730456845238096, "relative_median_value": 1.0, "end_points_above_median": 1.7214285714285724, "beg_plus_minus": 4.094254464285714, "end_avg_pts": 7.871428571428572, "points_above_median": 0.0, "player": "Kenny Britt (CLE, WR)", "pts": 84.7, "availability": 0.9333333333333333, "auction_value": 23.333333333333332, "plus_minus": 5.91904788961039, "end_points_above_top_qtr": -0.48571428571428577, "points_above_top_qtr": -1.8499999999999996, "end_pts": 55.1, "id": "00-0027006", "beg_points_above_top_qtr": -3.6380952380952385, "relative_top_qtr_value": 0.7658227848101267, "relative_avg_value": 46.20009545474267, "weeks": 14, "beg_pts": 29.6, "beg_points_above_median": -0.15714285714285747, "beg_avg_pts": 4.228571428571429, "avg_pts": 6.05}, {"end_plus_minus": 6.734028273809524, "relative_median_value": 1.1024793388429752, "end_points_above_median": 0.7250000000000005, "beg_plus_minus": 5.715683035714285, "end_avg_pts": 6.875, "points_above_median": 0.6200000000000001, "player": "Michael Crabtree (OAK, WR)", "pts": 66.7, "availability": 0.6666666666666666, "auction_value": 20.25767820959406, "plus_minus": 6.53904788961039, "end_points_above_top_qtr": -1.4821428571428577, "points_above_top_qtr": -1.2299999999999995, "end_pts": 55.0, "id": "00-0026986", "beg_points_above_top_qtr": -2.0166666666666675, "relative_top_qtr_value": 0.8443037974683545, "relative_avg_value": 50.93465069142705, "weeks": 10, "beg_pts": 11.7, "beg_points_above_median": 1.4642857142857135, "beg_avg_pts": 5.85, "avg_pts": 6.67}, {"end_plus_minus": 2.796528273809524, "relative_median_value": 0.5972451790633608, "end_points_above_median": -3.2124999999999995, "beg_plus_minus": 4.251397321428572, "end_avg_pts": 2.9375, "points_above_median": -2.436666666666667, "player": "Ted Ginn (NO, WR)", "pts": 54.199999999999996, "availability": 1.0, "auction_value": 8.91754509786065, "plus_minus": 3.4823812229437223, "end_points_above_top_qtr": -5.419642857142858, "points_above_top_qtr": -4.286666666666667, "end_pts": 23.5, "id": "00-0025396", "beg_points_above_top_qtr": -3.480952380952381, "relative_top_qtr_value": 0.4573839662447257, "relative_avg_value": 27.59278428261215, "weeks": 15, "beg_pts": 30.700000000000003, "beg_points_above_median": 0.0, "beg_avg_pts": 4.385714285714286, "avg_pts": 3.613333333333333}, {"end_plus_minus": 3.059028273809524, "relative_median_value": 0.5895316804407714, "end_points_above_median": -2.9499999999999993, "beg_plus_minus": 3.725683035714286, "end_avg_pts": 3.2, "points_above_median": -2.483333333333333, "player": "Julian Edelman (NE, WR)", "pts": 32.1, "availability": 0.6, "auction_value": 5.213214033649797, "plus_minus": 3.4357145562770564, "end_points_above_top_qtr": -5.1571428571428575, "points_above_top_qtr": -4.333333333333332, "end_pts": 12.8, "id": "00-0027150", "beg_points_above_top_qtr": -4.006666666666667, "relative_top_qtr_value": 0.4514767932489452, "relative_avg_value": 27.236419909958496, "weeks": 9, "beg_pts": 19.3, "beg_points_above_median": -0.5257142857142858, "beg_avg_pts": 3.8600000000000003, "avg_pts": 3.566666666666667}, {"end_plus_minus": 2.7875997023809522, "relative_median_value": 0.5082644628099173, "end_points_above_median": -3.221428571428571, "beg_plus_minus": 3.1456830357142853,