{"_id": "2019_qb", "year": 2019, "position": "qb", "data": [{"end_plus_minus": 9.306607142857139, "relative_median_value": 1.4186759880154087, "end_points_above_median": 8.311071428571427, "beg_plus_minus": 8.368191964285717, "end_avg_pts": 25.828571428571426, "points_above_median": 7.825333333333333, "player": "Patrick Mahomes (KC, QB)", "pts": 397.74, "availability": 1.0, "auction_value": 40.25283117942992, "plus_minus": 8.887641025641027, "end_points_above_top_qtr": 6.001071428571425, "points_above_top_qtr": 6.146666666666672, "end_pts": 180.79999999999998, "id": "00-0033873", "beg_points_above_top_qtr": 6.145, "relative_top_qtr_value": 1.301760816914316, "relative_avg_value": 1.5041672363586647, "weeks": 15, "beg_pts": 216.94000000000003, "beg_points_above_median": 7.131785714285716, "beg_avg_pts": 27.117500000000003, "avg_pts": 26.516000000000002}, {"end_plus_minus": 2.9205357142857125, "relative_median_value": 1.147239263803681, "end_points_above_median": 1.9250000000000007, "beg_plus_minus": 4.979263392857142, "end_avg_pts": 19.4425, "points_above_median": 2.7520000000000024, "player": "Matt Ryan (ATL, QB)", "pts": 321.64000000000004, "availability": 1.0, "auction_value": 26.32315856825624, "plus_minus": 3.814307692307697, "end_points_above_top_qtr": -0.38500000000000156, "points_above_top_qtr": 1.0733333333333412, "end_pts": 155.54, "id": "00-0026143", "beg_points_above_top_qtr": 2.756071428571424, "relative_top_qtr_value": 1.0526935916737583, "relative_avg_value": 1.2163733843777367, "weeks": 15, "beg_pts": 166.1, "beg_points_above_median": 3.74285714285714, "beg_avg_pts": 23.728571428571428, "avg_pts": 21.44266666666667}, {"end_plus_minus": 5.875535714285711, "relative_median_value": 1.1381081466685687, "end_points_above_median": 4.879999999999999, "beg_plus_minus": 1.2364062500000017, "end_avg_pts": 22.397499999999997, "points_above_median": 2.5813333333333297, "player": "Ben Roethlisberger (PIT, QB)", "pts": 319.08, "availability": 1.0, "auction_value": 25.905803070267286, "plus_minus": 3.643641025641024, "end_points_above_top_qtr": 2.5699999999999967, "points_above_top_qtr": 0.9026666666666685, "end_pts": 179.17999999999998, "id": "00-0022924", "beg_points_above_top_qtr": -0.9867857142857162, "relative_top_qtr_value": 1.0443149833082412, "relative_avg_value": 1.2066920143242386, "weeks": 15, "beg_pts": 139.9, "beg_points_above_median": 0.0, "beg_avg_pts": 19.985714285714288, "avg_pts": 21.272}, {"end_plus_minus": 5.149464285714284, "relative_median_value": 1.1047938364959338, "end_points_above_median": 4.1539285714285725, "beg_plus_minus": 1.0056919642857167, "end_avg_pts": 21.67142857142857, "points_above_median": 1.958666666666666, "player": "Deshaun Watson (HOU, QB)", "pts": 309.74, "availability": 1.0, "auction_value": 24.41138842318808, "plus_minus": 3.0209743589743603, "end_points_above_top_qtr": 1.8439285714285703, "points_above_top_qtr": 0.2800000000000047, "end_pts": 151.7, "id": "00-0033537", "beg_points_above_top_qtr": -1.2175000000000011, "relative_top_qtr_value": 1.0137461543496762, "relative_avg_value": 1.1713701407696806, "weeks": 15, "beg_pts": 158.04000000000002, "beg_points_above_median": -0.23071428571428498, "beg_avg_pts": 19.755000000000003, "avg_pts": 20.649333333333335}, {"end_plus_minus": 3.305535714285714, "relative_median_value": 1.0898130974461404, "end_points_above_median": 2.3100000000000023, "beg_plus_minus": 2.23926339285714, "end_avg_pts": 19.8275, "points_above_median": 1.6786666666666612, "player": "Aaron Rodgers (GB, QB)", "pts": 305.53999999999996, "availability": 1.0, "auction_value": 23.753851747303013, "plus_minus": 2.7409743589743556, "end_points_above_top_qtr": 0.0, "points_above_top_qtr": 0.0, "end_pts": 158.62, "id": "00-0023459", "beg_points_above_top_qtr": 0.016071428571422075, "relative_top_qtr_value": 1.0, "relative_avg_value": 1.1554866430256607, "weeks": 15, "beg_pts": 146.92, "beg_points_above_median": 1.0028571428571382, "beg_avg_pts": 20.988571428571426, "avg_pts": 20.36933333333333}, {"end_plus_minus": 2.900535714285713, "relative_median_value": 1.0771151376801256, "end_points_above_median": 1.9050000000000011, "beg_plus_minus": 2.1935491071428572, "end_avg_pts": 19.4225, "points_above_median": 1.4413333333333327, "player": "Drew Brees (NO, QB)", "pts": 301.98, "availability": 1.0, "auction_value": 23.203540396393517, "plus_minus": 2.503641025641027, "end_points_above_top_qtr": -0.40500000000000114, "points_above_top_qtr": -0.2373333333333285, "end_pts": 155.38, "id": "00-0020531", "beg_points_above_top_qtr": -0.029642857142860635, "relative_top_qtr_value": 0.9883484977417034, "relative_avg_value": 1.1420234877950157, "weeks": 15, "beg_pts": 146.6, "beg_points_above_median": 0.9571428571428555, "beg_avg_pts": 20.942857142857143, "avg_pts": 20.132}, {"end_plus_minus": 2.340892857142858, "relative_median_value": 1.0694107575973746, "end_points_above_median": 1.3453571428571465, "beg_plus_minus": 2.223191964285718, "end_avg_pts": 18.862857142857145, "points_above_median": 1.2973333333333308, "player": "Andrew Luck (IND, QB)", "pts": 299.82, "availability": 1.0, "auction_value": 22.87278736929981, "plus_minus": 2.359641025641025, "end_points_above_top_qtr": -0.9646428571428558, "points_above_top_qtr": -0.3813333333333304, "end_pts": 132.04000000000002, "id": "00-0029668", "beg_points_above_top_qtr": 0.0, "relative_top_qtr_value": 0.9812790469332986, "relative_avg_value": 1.133854831812377, "weeks": 15, "beg_pts": 167.78000000000003, "beg_points_above_median": 0.9867857142857162, "beg_avg_pts": 20.972500000000004, "avg_pts": 19.988}, {"end_plus_minus": 4.053035714285713, "relative_median_value": 1.0291767727207874, "end_points_above_median": 3.057500000000001, "beg_plus_minus": -1.0435937499999994, "end_avg_pts": 20.575, "points_above_median": 0.5453333333333319, "player": "Russell Wilson (SEA, QB)", "pts": 288.54, "availability": 1.0, "auction_value": 21.18409659015951, "plus_minus": 1.6076410256410263, "end_points_above_top_qtr": 0.7474999999999987, "points_above_top_qtr": -1.1333333333333293, "end_pts": 164.6, "id": "00-0029263", "beg_points_above_top_qtr": -3.2667857142857173, "relative_top_qtr_value": 0.9443608038227402, "relative_avg_value": 1.0911962950141527, "weeks": 15, "beg_pts": 123.94000000000001, "beg_points_above_median": -2.280000000000001, "beg_avg_pts": 17.705714285714286, "avg_pts": 19.236}, {"end_plus_minus": -0.2562500000000014, "relative_median_value": 1.0647025253245828, "end_points_above_median": -1.2517857142857132, "beg_plus_minus": 4.78497767857143, "end_avg_pts": 16.265714285714285, "points_above_median": 1.2093333333333334, "player": "Cam Newton (CAR, QB)", "pts": 278.6, "availability": 0.9333333333333333, "auction_value": 21.160374058740818, "plus_minus": 2.2716410256410278, "end_points_above_top_qtr": -3.5617857142857154, "points_above_top_qtr": -0.46933333333332783, "end_pts": 113.85999999999999, "id": "00-0027939", "beg_points_above_top_qtr": 2.561785714285712, "relative_top_qtr_value": 0.976958826994829, "relative_avg_value": 1.1288628753785424, "weeks": 14, "beg_pts": 164.74, "beg_points_above_median": 3.548571428571428, "beg_avg_pts": 23.534285714285716, "avg_pts": 19.900000000000002}, {"end_plus_minus": 0.5008928571428548, "relative_median_value": 1.0, "end_points_above_median": -0.49464285714285694, "beg_plus_minus": 1.4006919642857127, "end_avg_pts": 17.02285714285714, "points_above_median": 0.0, "player": "Jared Goff (LA, QB)", "pts": 280.36, "availability": 1.0, "auction_value": 20.0, "plus_minus": 1.0623076923076944, "end_points_above_top_qtr": -2.804642857142859, "points_above_top_qtr": -1.6786666666666612, "end_pts": 119.16, "id": "00-0033106", "beg_points_above_top_qtr": -0.8225000000000051, "relative_top_qtr_value": 0.9175885317797999, "relative_avg_value": 1.0602612922650858, "weeks": 15, "beg_pts": 161.2, "beg_points_above_median": 0.16428571428571104, "beg_avg_pts": 20.15,