{"_id": "2019_rb", "year": 2019, "position": "rb", "data": [{"end_plus_minus": 5.0427857142857135, "relative_median_value": 1.8103753193161722, "end_points_above_median": 3.6619047619047596, "beg_plus_minus": 13.745511904761903, "end_avg_pts": 17.333333333333332, "points_above_median": 9.81904761904762, "player": "Todd Gurley (LA, RB)", "pts": 307.1, "availability": 0.9333333333333333, "auction_value": 76.47403859174642, "plus_minus": 9.968066150516155, "end_points_above_top_qtr": 0.17833333333333456, "points_above_top_qtr": 4.30238095238095, "end_pts": 104.0, "id": "00-0032241", "beg_points_above_top_qtr": 8.462499999999999, "relative_top_qtr_value": 1.243991358358088, "relative_avg_value": 1.8329177159879062, "weeks": 14, "beg_pts": 203.1, "beg_points_above_median": 14.170833333333333, "beg_avg_pts": 25.3875, "avg_pts": 21.935714285714287}, {"end_plus_minus": 10.98445238095238, "relative_median_value": 1.5103163686382393, "end_points_above_median": 9.603571428571426, "beg_plus_minus": 0.9722976190476178, "end_avg_pts": 23.275, "points_above_median": 6.183333333333334, "player": "Christian McCaffrey (CAR, RB)", "pts": 274.5, "availability": 1.0, "auction_value": 57.026388334414946, "plus_minus": 6.332351864801868, "end_points_above_top_qtr": 6.120000000000001, "points_above_top_qtr": 0.6666666666666643, "end_pts": 186.2, "id": "00-0033280", "beg_points_above_top_qtr": -4.310714285714287, "relative_top_qtr_value": 1.0378071833648392, "relative_avg_value": 1.5291224970241015, "weeks": 15, "beg_pts": 88.3, "beg_points_above_median": 1.397619047619047, "beg_avg_pts": 12.614285714285714, "avg_pts": 18.3}, {"end_plus_minus": 6.138023809523808, "relative_median_value": 1.4998624484181569, "end_points_above_median": 4.7571428571428545, "beg_plus_minus": 6.308011904761907, "end_avg_pts": 18.428571428571427, "points_above_median": 6.056666666666668, "player": "Saquon Barkley (NYG, RB)", "pts": 272.6, "availability": 1.0, "auction_value": 56.239684104372714, "plus_minus": 6.205685198135203, "end_points_above_top_qtr": 1.2735714285714295, "points_above_top_qtr": 0.5399999999999991, "end_pts": 129.0, "id": "00-0034844", "beg_points_above_top_qtr": 1.0250000000000021, "relative_top_qtr_value": 1.0306238185255199, "relative_avg_value": 1.5185384068807655, "weeks": 15, "beg_pts": 143.60000000000002, "beg_points_above_median": 6.733333333333336, "beg_avg_pts": 17.950000000000003, "avg_pts": 18.173333333333336}, {"end_plus_minus": 4.346952380952381, "relative_median_value": 1.4701513067400276, "end_points_above_median": 2.9660714285714267, "beg_plus_minus": 7.515154761904759, "end_avg_pts": 16.6375, "points_above_median": 5.696666666666669, "player": "Alvin Kamara (NO, RB)", "pts": 267.20000000000005, "availability": 1.0, "auction_value": 54.03362161773527, "plus_minus": 5.845685198135204, "end_points_above_top_qtr": -0.5174999999999983, "points_above_top_qtr": 0.17999999999999972, "end_pts": 133.1, "id": "00-0033906", "beg_points_above_top_qtr": 2.232142857142854, "relative_top_qtr_value": 1.0102079395085066, "relative_avg_value": 1.488457308578652, "weeks": 15, "beg_pts": 134.1, "beg_points_above_median": 7.940476190476188, "beg_avg_pts": 19.157142857142855, "avg_pts": 17.813333333333336}, {"end_plus_minus": 7.309452380952383, "relative_median_value": 1.5320745279479804, "end_points_above_median": 5.928571428571429, "beg_plus_minus": 6.533011904761905, "end_avg_pts": 19.6, "points_above_median": 6.4469696969696955, "player": "Kareem Hunt (CLE, RB)", "pts": 204.2, "availability": 0.7333333333333333, "auction_value": 43.03295991842882, "plus_minus": 6.59598822843823, "end_points_above_top_qtr": 2.445000000000004, "points_above_top_qtr": 0.9303030303030262, "end_pts": 58.800000000000004, "id": "00-0033923", "beg_points_above_top_qtr": 1.25, "relative_top_qtr_value": 1.0527582058772982, "relative_avg_value": 1.551151584164538, "weeks": 11, "beg_pts": 145.4, "beg_points_above_median": 6.958333333333334, "beg_avg_pts": 18.175, "avg_pts": 18.563636363636363}, {"end_plus_minus": 1.1894523809523818, "relative_median_value": 1.455295735900963, "end_points_above_median": -0.19142857142857217, "beg_plus_minus": 8.958011904761902, "end_avg_pts": 13.48, "points_above_median": 5.516666666666669, "player": "James Conner (PIT, RB)", "pts": 211.60000000000002, "availability": 0.8, "auction_value": 42.357713578630516, "plus_minus": 5.665685198135204, "end_points_above_top_qtr": -3.674999999999997, "points_above_top_qtr": 0.0, "end_pts": 67.4, "id": "00-0033553", "beg_points_above_top_qtr": 3.674999999999997, "relative_top_qtr_value": 1.0, "relative_avg_value": 1.4734167594275953, "weeks": 12, "beg_pts": 144.2, "beg_points_above_median": 9.383333333333331, "beg_avg_pts": 20.599999999999998, "avg_pts": 17.633333333333336}, {"end_plus_minus": 1.6094523809523835, "relative_median_value": 1.2043170034916941, "end_points_above_median": 0.22857142857142954, "beg_plus_minus": 3.7580119047619043, "end_avg_pts": 13.900000000000002, "points_above_median": 2.4756410256410266, "player": "Joe Mixon (CIN, RB)", "pts": 189.70000000000002, "availability": 0.8666666666666667, "auction_value": 31.424887972816283, "plus_minus": 2.6246595571095614, "end_points_above_top_qtr": -3.2549999999999955, "points_above_top_qtr": -3.0410256410256427, "end_pts": 97.30000000000001, "id": "00-0033897", "beg_points_above_top_qtr": -1.5250000000000004, "relative_top_qtr_value": 0.8275410789588483, "relative_avg_value": 1.219312894852762, "weeks": 13, "beg_pts": 92.4, "beg_points_above_median": 4.183333333333334, "beg_avg_pts": 15.4, "avg_pts": 14.592307692307694}, {"end_plus_minus": 1.380880952380954, "relative_median_value": 1.0332874828060523, "end_points_above_median": 0.0, "beg_plus_minus": -0.129488095238095, "end_avg_pts": 13.671428571428573, "points_above_median": 0.4033333333333342, "player": "David Johnson (ARI, RB)", "pts": 187.8, "availability": 1.0, "auction_value": 26.692075553091698, "plus_minus": 0.552351864801869, "end_points_above_top_qtr": -3.483571428571425, "points_above_top_qtr": -5.113333333333335, "end_pts": 95.7, "id": "00-0032187", "beg_points_above_top_qtr": -5.4125, "relative_top_qtr_value": 0.7100189035916824, "relative_avg_value": 1.046153752062391, "weeks": 15, "beg_pts": 92.10000000000001, "beg_points_above_median": 0.2958333333333343, "beg_avg_pts": 11.512500000000001, "avg_pts": 12.520000000000001}, {"end_plus_minus": 1.5808809523809515, "relative_median_value": 1.033287482806052, "end_points_above_median": 0.1999999999999975, "beg_plus_minus": -0.3044880952380975, "end_avg_pts": 13.87142857142857, "points_above_median": 0.40333333333333243, "player": "Phillip Lindsay (DEN, RB)", "pts": 187.79999999999998, "availability": 1.0, "auction_value": 26.692075553091687, "plus_minus": 0.5523518648018673, "end_points_above_top_qtr": -3.2835714285714275, "points_above_top_qtr": -5.113333333333337, "end_pts": 97.1, "id": "00-0034109", "beg_points_above_top_qtr": -5.587500000000002, "relative_top_qtr_value": 0.7100189035916823, "relative_avg_value": 1.0461537520623907, "weeks": 15, "beg_pts": 90.69999999999999, "beg_points_above_median": 0.1208333333333318, "beg_avg_pts": 11.337499999999999, "avg_pts": 12.52}, {"end_plus_minus": 4.864452380952379, "relative_median_value": 0.9670426409903713, "end_points_above_median": 3.483571428571425, "beg_plus_minus": -6.1391309523809525, "end_avg_pts": 17.154999999999998, "points_above_median": -0.39933333333333465, "player": "Derrick Henry (TEN, RB)", "pts": 175.76, "availability": 1.0, "auction_value": 23.379286737340806, "plus_minus": -0.2503148018647998, "end_points_above_top_qtr": 0.0, "points_above_top_qtr": -5.916000000000004, "end_pts": 137.23999999999998, "id": "00-0032764", "beg_points_above_top_qtr": -11.422142857142857, "relative_top_qtr_value": 0.6644990548204157, "relative_avg_value": 0.979084043996197, "weeks": 15, "beg_pts": 38.52, "beg_points_above_median": -5.713809523809523, "beg_avg_pts": 5.502857142857144,