{"_id": "2019_te", "year": 2019, "position": "te", "data": [{"end_plus_minus": 7.840877976190477, "relative_median_value": 2.168421052631579, "end_points_above_median": 8.271428571428572, "beg_plus_minus": 4.4375, "end_avg_pts": 13.885714285714286, "points_above_median": 6.660000000000001, "player": "Travis Kelce (KC, TE)", "pts": 185.4, "availability": 1.0, "auction_value": 94.0409972299169, "plus_minus": 6.078209706959707, "end_points_above_top_qtr": 5.019047619047619, "points_above_top_qtr": 3.710000000000001, "end_pts": 97.2, "id": "00-0030506", "beg_points_above_top_qtr": 2.2249999999999996, "relative_top_qtr_value": 1.4289017341040464, "relative_avg_value": 1.967591948061982, "weeks": 15, "beg_pts": 88.2, "beg_points_above_median": 5.008333333333334, "beg_avg_pts": 11.025, "avg_pts": 12.360000000000001}, {"end_plus_minus": 5.440877976190476, "relative_median_value": 1.904093567251462, "end_points_above_median": 5.871428571428572, "beg_plus_minus": 3.7125000000000004, "end_avg_pts": 11.485714285714286, "points_above_median": 5.153333333333333, "player": "Zach Ertz (PHI, TE)", "pts": 162.8, "availability": 1.0, "auction_value": 72.51144625696796, "plus_minus": 4.571543040293039, "end_points_above_top_qtr": 2.6190476190476186, "points_above_top_qtr": 2.203333333333333, "end_pts": 80.4, "id": "00-0030061", "beg_points_above_top_qtr": 1.5, "relative_top_qtr_value": 1.2547206165703275, "relative_avg_value": 1.7277452488915352, "weeks": 15, "beg_pts": 82.4, "beg_points_above_median": 4.283333333333334, "beg_avg_pts": 10.3, "avg_pts": 10.853333333333333}, {"end_plus_minus": 5.012306547619049, "relative_median_value": 1.7286549707602339, "end_points_above_median": 5.442857142857145, "beg_plus_minus": 2.2125000000000004, "end_avg_pts": 11.057142857142859, "points_above_median": 4.153333333333333, "player": "George Kittle (SF, TE)", "pts": 147.8, "availability": 1.0, "auction_value": 59.7649601586813, "plus_minus": 3.5715430402930393, "end_points_above_top_qtr": 2.1904761904761916, "points_above_top_qtr": 1.2033333333333331, "end_pts": 77.4, "id": "00-0033288", "beg_points_above_top_qtr": 0.0, "relative_top_qtr_value": 1.1391136801541426, "relative_avg_value": 1.5685549618315044, "weeks": 15, "beg_pts": 70.4, "beg_points_above_median": 2.783333333333334, "beg_avg_pts": 8.8, "avg_pts": 9.853333333333333}, {"end_plus_minus": 2.9408779761904764, "relative_median_value": 1.686549707602339, "end_points_above_median": 3.371428571428572, "beg_plus_minus": 3.5749999999999993, "end_avg_pts": 8.985714285714286, "points_above_median": 3.913333333333333, "player": "Eric Ebron (IND, TE)", "pts": 144.2, "availability": 1.0, "auction_value": 56.8889983242707, "plus_minus": 3.331543040293039, "end_points_above_top_qtr": 0.11904761904761862, "points_above_top_qtr": 0.9633333333333329, "end_pts": 62.900000000000006, "id": "00-0031387", "beg_points_above_top_qtr": 1.362499999999999, "relative_top_qtr_value": 1.1113680154142582, "relative_avg_value": 1.530349292937097, "weeks": 15, "beg_pts": 81.3, "beg_points_above_median": 4.145833333333333, "beg_avg_pts": 10.1625, "avg_pts": 9.613333333333333}, {"end_plus_minus": 1.1301636904761905, "relative_median_value": 1.4362573099415203, "end_points_above_median": 1.560714285714286, "beg_plus_minus": 2.755357142857143, "end_avg_pts": 7.175, "points_above_median": 2.4866666666666655, "player": "Jared Cook (NO, TE)", "pts": 122.8, "availability": 1.0, "auction_value": 41.25670120720905, "plus_minus": 1.9048763736263714, "end_points_above_top_qtr": -1.6916666666666673, "points_above_top_qtr": -0.4633333333333347, "end_pts": 57.4, "id": "00-0027061", "beg_points_above_top_qtr": 0.5428571428571427, "relative_top_qtr_value": 0.9464354527938341, "relative_avg_value": 1.3032378167314527, "weeks": 15, "beg_pts": 65.4, "beg_points_above_median": 3.326190476190477, "beg_avg_pts": 9.342857142857143, "avg_pts": 8.186666666666666}, {"end_plus_minus": 2.821830357142858, "relative_median_value": 1.5175438596491229, "end_points_above_median": 3.2523809523809533, "beg_plus_minus": 1.9696428571428566, "end_avg_pts": 8.866666666666667, "points_above_median": 2.95, "player": "O.J. Howard (TB, TE)", "pts": 86.5, "availability": 0.6666666666666666, "auction_value": 30.705858212783426, "plus_minus": 2.368209706959706, "end_points_above_top_qtr": 0.0, "points_above_top_qtr": 0.0, "end_pts": 26.6, "id": "00-0033879", "beg_points_above_top_qtr": -0.24285714285714377, "relative_top_qtr_value": 1.0, "relative_avg_value": 1.3769959830692673, "weeks": 10, "beg_pts": 59.9, "beg_points_above_median": 2.5404761904761903, "beg_avg_pts": 8.557142857142857, "avg_pts": 8.65}, {"end_plus_minus": -2.3823363095238093, "relative_median_value": 1.0269005847953219, "end_points_above_median": -1.9517857142857138, "beg_plus_minus": 1.7696428571428573, "end_avg_pts": 3.6625, "points_above_median": 0.1533333333333342, "player": "Trey Burton (CHI, TE)", "pts": 87.80000000000001, "availability": 1.0, "auction_value": 21.09049622105948, "plus_minus": -0.42845695970695985, "end_points_above_top_qtr": -5.2041666666666675, "points_above_top_qtr": -2.796666666666666, "end_pts": 29.3, "id": "00-0030710", "beg_points_above_top_qtr": -0.44285714285714306, "relative_top_qtr_value": 0.6766859344894028, "relative_avg_value": 0.931793813591381, "weeks": 15, "beg_pts": 58.5, "beg_points_above_median": 2.340476190476191, "beg_avg_pts": 8.357142857142858, "avg_pts": 5.853333333333334}, {"end_plus_minus": -0.13055059523809565, "relative_median_value": 1.0, "end_points_above_median": 0.2999999999999998, "beg_plus_minus": -1.0750000000000002, "end_avg_pts": 5.914285714285714, "points_above_median": 0.0, "player": "Kyle Rudolph (MIN, TE)", "pts": 85.5, "availability": 1.0, "auction_value": 20.0, "plus_minus": -0.5817902930402941, "end_points_above_top_qtr": -2.9523809523809534, "points_above_top_qtr": -2.95, "end_pts": 41.4, "id": "00-0027981", "beg_points_above_top_qtr": -3.2875000000000005, "relative_top_qtr_value": 0.6589595375722543, "relative_avg_value": 0.9073846362421761, "weeks": 15, "beg_pts": 44.1, "beg_points_above_median": -0.5041666666666664, "beg_avg_pts": 5.5125, "avg_pts": 5.7}, {"end_plus_minus": -0.33055059523809494, "relative_median_value": 1.023809523809524, "end_points_above_median": 0.10000000000000053, "beg_plus_minus": -0.6303571428571431, "end_avg_pts": 5.714285714285714, "points_above_median": 0.13571428571428612, "player": "David Njoku (CLE, TE)", "pts": 81.7, "availability": 0.9333333333333333, "auction_value": 19.566137566137574, "plus_minus": -0.44607600732600794, "end_points_above_top_qtr": -3.1523809523809527, "points_above_top_qtr": -2.814285714285714, "end_pts": 40.0, "id": "00-0033885", "beg_points_above_top_qtr": -2.8428571428571434, "relative_top_qtr_value": 0.6746490503715937, "relative_avg_value": 0.9289890323431803, "weeks": 14, "beg_pts": 41.7, "beg_points_above_median": -0.05952380952380931, "beg_avg_pts": 5.957142857142857, "avg_pts": 5.835714285714286}, {"end_plus_minus": -1.144836309523809, "relative_median_value": 0.9742690058479531, "end_points_above_median": -0.7142857142857135, "beg_plus_minus": -0.28750000000000053, "end_avg_pts": 4.9, "points_above_median": -0.1466666666666674, "player": "Austin Hooper (ATL, TE)", "pts": 83.3, "availability": 1.0, "auction_value": 18.984001915119176, "plus_minus": -0.7284569597069614, "end_points_above_top_qtr": -3.966666666666667, "points_above_top_qtr": -3.0966666666666676, "end_pts": 39.2, "id": "00-0032392", "beg_points_above_top_qtr": -2.500000000000001, "relative_top_qtr_value": 0.6420038535645471, "relative_avg_value": 0.8840367274733715, "weeks": 15, "beg_pts": 44.1, "beg_points_above_median": 0.2833333333333332, "beg_avg_pts": 6.3, "avg_pts": 5.553333333333333}, {"end_plus_minus": -0.6698363095238093, "relative_median_value": 0.9912280701754385, "end_points_above_median": -0.23928571428571388, "beg_plus_minus": -0.5708333333333337, "end_avg_pts": 5.375, "points_above_median": -0.05000000000000071,