{"_id": "2010_qb", "year": 2010, "position": "qb", "data": [{"end_plus_minus": 16.84073586309524, "relative_median_value": 1.3605190048462048, "end_points_above_median": 9.517500000000004, "beg_plus_minus": 11.032830357142856, "end_avg_pts": 24.930000000000003, "points_above_median": 5.512095238095242, "player": "Aaron Rodgers (GB, QB)", "pts": 291.22, "availability": 0.9333333333333333, "auction_value": 34.55222330089054, "plus_minus": 13.271140734265735, "end_points_above_top_qtr": 6.672857142857147, "points_above_top_qtr": 3.5287012987013, "end_pts": 149.58, "id": "00-0023459", "beg_points_above_top_qtr": 2.2764285714285695, "relative_top_qtr_value": 1.2042932330827067, "relative_avg_value": 2.7623683212706864, "weeks": 14, "beg_pts": 141.64, "beg_points_above_median": 3.633571428571427, "beg_avg_pts": 17.705, "avg_pts": 20.801428571428573}, {"end_plus_minus": 14.393235863095235, "relative_median_value": 1.234150170053196, "end_points_above_median": 7.0699999999999985, "beg_plus_minus": 8.067830357142856, "end_avg_pts": 22.482499999999998, "points_above_median": 3.5799999999999983, "player": "Tom Brady (NE, QB)", "pts": 283.03999999999996, "availability": 1.0, "auction_value": 30.462532844846653, "plus_minus": 11.339045496170492, "end_points_above_top_qtr": 4.225357142857142, "points_above_top_qtr": 1.5966060606060566, "end_pts": 179.85999999999999, "id": "00-0019596", "beg_points_above_top_qtr": -0.6885714285714304, "relative_top_qtr_value": 1.092435087719298, "relative_avg_value": 2.505791776007684, "weeks": 15, "beg_pts": 103.17999999999999, "beg_points_above_median": 0.6685714285714273, "beg_avg_pts": 14.739999999999998, "avg_pts": 18.86933333333333}, {"end_plus_minus": 9.01359300595238, "relative_median_value": 1.1728438126798642, "end_points_above_median": 1.6903571428571436, "beg_plus_minus": 11.985330357142857, "end_avg_pts": 17.102857142857143, "points_above_median": 2.6426666666666705, "player": "Philip Rivers (SD, QB)", "pts": 268.98, "availability": 1.0, "auction_value": 27.511252178828805, "plus_minus": 10.401712162837164, "end_points_above_top_qtr": -1.154285714285713, "points_above_top_qtr": 0.6592727272727288, "end_pts": 119.72000000000001, "id": "00-0022942", "beg_points_above_top_qtr": 3.22892857142857, "relative_top_qtr_value": 1.0381684210526316, "relative_avg_value": 2.3813166757721422, "weeks": 15, "beg_pts": 149.26, "beg_points_above_median": 4.586071428571428, "beg_avg_pts": 18.6575, "avg_pts": 17.932000000000002}, {"end_plus_minus": 10.167878720238093, "relative_median_value": 1.1420598238423303, "end_points_above_median": 2.8446428571428566, "beg_plus_minus": 10.092830357142859, "end_avg_pts": 18.257142857142856, "points_above_median": 2.1720000000000006, "player": "Drew Brees (NO, QB)", "pts": 261.91999999999996, "availability": 1.0, "auction_value": 26.086012824695487, "plus_minus": 9.931045496170494, "end_points_above_top_qtr": 0.0, "points_above_top_qtr": 0.1886060606060589, "end_pts": 127.8, "id": "00-0020531", "beg_points_above_top_qtr": 1.3364285714285717, "relative_top_qtr_value": 1.0109192982456139, "relative_avg_value": 2.3188135315571397, "weeks": 15, "beg_pts": 134.12, "beg_points_above_median": 2.6935714285714294, "beg_avg_pts": 16.765, "avg_pts": 17.461333333333332}, {"end_plus_minus": 12.325021577380948, "relative_median_value": 1.067691138546637, "end_points_above_median": 5.001785714285711, "beg_plus_minus": 5.562116071428573, "end_avg_pts": 20.41428571428571, "points_above_median": 1.034952380952383, "player": "Matt Cassel (TEN, QB)", "pts": 228.54000000000002, "availability": 0.9333333333333333, "auction_value": 21.279334856845598, "plus_minus": 8.793997877122877, "end_points_above_top_qtr": 2.157142857142855, "points_above_top_qtr": -0.9484415584415586, "end_pts": 142.89999999999998, "id": "00-0023662", "beg_points_above_top_qtr": -3.194285714285714, "relative_top_qtr_value": 0.9450902255639098, "relative_avg_value": 2.167816963612398, "weeks": 14, "beg_pts": 85.64, "beg_points_above_median": -1.8371428571428563, "beg_avg_pts": 12.234285714285715, "avg_pts": 16.324285714285715}, {"end_plus_minus": 7.3232358630952366, "relative_median_value": 1.0040115112932764, "end_points_above_median": 0.0, "beg_plus_minus": 8.60783035714286, "end_avg_pts": 15.4125, "points_above_median": 0.061333333333333684, "player": "Matt Ryan (ATL, QB)", "pts": 230.26, "availability": 1.0, "auction_value": 20.160782296188174, "plus_minus": 7.820378829503828, "end_points_above_top_qtr": -2.8446428571428566, "points_above_top_qtr": -1.922060606060608, "end_pts": 123.3, "id": "00-0026143", "beg_points_above_top_qtr": -0.1485714285714277, "relative_top_qtr_value": 0.8887228070175438, "relative_avg_value": 2.038523227612809, "weeks": 15, "beg_pts": 106.96000000000001, "beg_points_above_median": 1.20857142857143, "beg_avg_pts": 15.280000000000001, "avg_pts": 15.350666666666665}, {"end_plus_minus": 8.845735863095236, "relative_median_value": 1.0, "end_points_above_median": 1.522499999999999, "beg_plus_minus": 6.736401785714287, "end_avg_pts": 16.935, "points_above_median": 0.0, "player": "Matt Schaub (ATL, QB)", "pts": 229.33999999999997, "availability": 1.0, "auction_value": 20.0, "plus_minus": 7.759045496170494, "end_points_above_top_qtr": -1.3221428571428575, "points_above_top_qtr": -1.9833939393939417, "end_pts": 135.48, "id": "00-0022787", "beg_points_above_top_qtr": -2.0199999999999996, "relative_top_qtr_value": 0.8851719298245613, "relative_avg_value": 2.030378341964395, "weeks": 15, "beg_pts": 93.86, "beg_points_above_median": -0.6628571428571419, "beg_avg_pts": 13.40857142857143, "avg_pts": 15.289333333333332}, {"end_plus_minus": 8.028235863095237, "relative_median_value": 0.9949420074997821, "end_points_above_median": 0.7050000000000001, "beg_plus_minus": 7.504973214285716, "end_avg_pts": 16.1175, "points_above_median": -0.07733333333333192, "player": "Joe Flacco (BAL, QB)", "pts": 228.18, "availability": 1.0, "auction_value": 19.79819196575393, "plus_minus": 7.6817121628371625, "end_points_above_top_qtr": -2.1396428571428565, "points_above_top_qtr": -2.0607272727272736, "end_pts": 128.94, "id": "00-0026158", "beg_points_above_top_qtr": -1.251428571428571, "relative_top_qtr_value": 0.8806947368421052, "relative_avg_value": 2.020108703538134, "weeks": 15, "beg_pts": 99.24000000000001, "beg_points_above_median": 0.10571428571428676, "beg_avg_pts": 14.177142857142858, "avg_pts": 15.212}, {"end_plus_minus": 10.078235863095237, "relative_median_value": 1.129724030221109, "end_points_above_median": 2.755000000000001, "beg_plus_minus": 8.214497023809523, "end_avg_pts": 18.1675, "points_above_median": 1.9833939393939417, "player": "Ben Roethlisberger (PIT, QB)", "pts": 190.0, "availability": 0.7333333333333333, "auction_value": 18.71872030539903, "plus_minus": 9.742439435564435, "end_points_above_top_qtr": -0.0896428571428558, "points_above_top_qtr": 0.0, "end_pts": 145.34, "id": "00-0022924", "beg_points_above_top_qtr": -0.5419047619047639, "relative_top_qtr_value": 1.0, "relative_avg_value": 2.2937672033576693, "weeks": 11, "beg_pts": 44.66, "beg_points_above_median": 0.8152380952380938, "beg_avg_pts": 14.886666666666665, "avg_pts": 17.272727272727273}, {"end_plus_minus": 6.880735863095234, "relative_median_value": 0.9516874509461937, "end_points_above_median": -0.44250000000000256, "beg_plus_minus": 7.399258928571429, "end_avg_pts": 14.969999999999997, "points_above_median": -0.7386666666666635, "player": "Eli Manning (NYG, QB)", "pts": 218.26000000000002, "availability": 1.0, "auction_value": 18.114180085769277, "plus_minus": 7.020378829503831, "end_points_above_top_qtr": -3.287142857142859, "points_above_top_qtr": -2.722060606060605, "end_pts": 119.75999999999998, "id": "00-0022803", "beg_points_above_top_qtr": -1.3571428571428577, "relative_top_qtr_value": 0.8424070175438597, "relative_avg_value": 1.9322855887204542, "weeks": 15, "beg_pts": 98.5, "beg_points_above_median": 0.0, "beg_avg_pts": 14.071428571428571,