{"_id": "2010_rb", "year": 2010, "position": "rb", "data": [{"end_plus_minus": 13.224422123015874, "relative_median_value": 1.8705603788476717, "end_points_above_median": 3.9904761904761905, "beg_plus_minus": 17.731113591269843, "end_avg_pts": 14.857142857142858, "points_above_median": 7.878571428571428, "player": "Adrian Peterson (NO, RB)", "pts": 237.0, "availability": 0.9333333333333333, "auction_value": 65.3145944437419, "plus_minus": 15.467131306193805, "end_points_above_top_qtr": 1.1571428571428566, "points_above_top_qtr": 2.3152380952380938, "end_pts": 104.0, "id": "00-0025394", "beg_points_above_top_qtr": 4.0, "relative_top_qtr_value": 1.1584332638164754, "relative_avg_value": 11.583486158180927, "weeks": 14, "beg_pts": 133.0, "beg_points_above_median": 10.766666666666667, "beg_avg_pts": 19.0, "avg_pts": 16.928571428571427}, {"end_plus_minus": 12.067279265873017, "relative_median_value": 1.8733531661708456, "end_points_above_median": 2.833333333333334, "beg_plus_minus": 19.481113591269843, "end_avg_pts": 13.700000000000001, "points_above_median": 7.9038461538461515, "player": "Darren McFadden (DAL, RB)", "pts": 220.39999999999998, "availability": 0.8666666666666667, "auction_value": 60.83050281017376, "plus_minus": 15.492406031468528, "end_points_above_top_qtr": 0.0, "points_above_top_qtr": 2.340512820512817, "end_pts": 95.9, "id": "00-0026144", "beg_points_above_top_qtr": 5.75, "relative_top_qtr_value": 1.1601628298708588, "relative_avg_value": 11.600780554911736, "weeks": 13, "beg_pts": 124.5, "beg_points_above_median": 12.516666666666667, "beg_avg_pts": 20.75, "avg_pts": 16.95384615384615}, {"end_plus_minus": 14.092279265873017, "relative_median_value": 1.6316758747697977, "end_points_above_median": 4.858333333333334, "beg_plus_minus": 12.40254216269841, "end_avg_pts": 15.725000000000001, "points_above_median": 5.716666666666669, "player": "Jamaal Charles (DEN, RB)", "pts": 221.5, "availability": 1.0, "auction_value": 53.247323206115695, "plus_minus": 13.305226544289045, "end_points_above_top_qtr": 2.0250000000000004, "points_above_top_qtr": 0.1533333333333342, "end_pts": 125.80000000000001, "id": "00-0026213", "beg_points_above_top_qtr": -1.328571428571431, "relative_top_qtr_value": 1.0104927007299271, "relative_avg_value": 10.104188629119285, "weeks": 15, "beg_pts": 95.69999999999999, "beg_points_above_median": 5.4380952380952365, "beg_avg_pts": 13.671428571428569, "avg_pts": 14.766666666666667}, {"end_plus_minus": 12.642279265873015, "relative_median_value": 1.6147329650092084, "end_points_above_median": 3.4083333333333314, "beg_plus_minus": 13.73111359126984, "end_avg_pts": 14.274999999999999, "points_above_median": 5.563333333333334, "player": "LeSean McCoy (BUF, RB)", "pts": 219.2, "availability": 1.0, "auction_value": 52.14725096574859, "plus_minus": 13.151893210955711, "end_points_above_top_qtr": 0.5749999999999975, "points_above_top_qtr": 0.0, "end_pts": 114.19999999999999, "id": "00-0027029", "beg_points_above_top_qtr": 0.0, "relative_top_qtr_value": 1.0, "relative_avg_value": 9.999269288952357, "weeks": 15, "beg_pts": 105.0, "beg_points_above_median": 6.7666666666666675, "beg_avg_pts": 15.0, "avg_pts": 14.613333333333333}, {"end_plus_minus": 10.742279265873016, "relative_median_value": 1.4475138121546962, "end_points_above_median": 1.5083333333333329, "beg_plus_minus": 12.65968501984127, "end_avg_pts": 12.375, "points_above_median": 4.050000000000001, "player": "Matt Forte (NYJ, RB)", "pts": 196.5, "availability": 1.0, "auction_value": 41.90592472757242, "plus_minus": 11.638559877622377, "end_points_above_top_qtr": -1.325000000000001, "points_above_top_qtr": -1.5133333333333336, "end_pts": 99.0, "id": "00-0026184", "beg_points_above_top_qtr": -1.0714285714285712, "relative_top_qtr_value": 0.896441605839416, "relative_avg_value": 8.963761018609206, "weeks": 15, "beg_pts": 97.5, "beg_points_above_median": 5.695238095238096, "beg_avg_pts": 13.928571428571429, "avg_pts": 13.1}, {"end_plus_minus": 9.233945932539683, "relative_median_value": 1.572074334505274, "end_points_above_median": 0.0, "beg_plus_minus": 14.21861359126984, "end_avg_pts": 10.866666666666667, "points_above_median": 5.177272727272728, "player": "Frank Gore (IND, RB)", "pts": 156.5, "availability": 0.7333333333333333, "auction_value": 36.2474597937496, "plus_minus": 12.765832604895104, "end_points_above_top_qtr": -2.833333333333334, "points_above_top_qtr": -0.38606060606060666, "end_pts": 32.6, "id": "00-0023500", "beg_points_above_top_qtr": 0.48749999999999893, "relative_top_qtr_value": 0.9735816191108162, "relative_avg_value": 9.735104784263296, "weeks": 11, "beg_pts": 123.89999999999999, "beg_points_above_median": 7.254166666666666, "beg_avg_pts": 15.487499999999999, "avg_pts": 14.227272727272727}, {"end_plus_minus": 9.392279265873016, "relative_median_value": 1.1721915285451197, "end_points_above_median": 0.15833333333333321, "beg_plus_minus": 8.506113591269841, "end_avg_pts": 11.025, "points_above_median": 1.5583333333333336, "player": "LeGarrette Blount (PHI, RB)", "pts": 127.29999999999998, "availability": 0.8, "auction_value": 21.984527673487108, "plus_minus": 9.14689321095571, "end_points_above_top_qtr": -2.6750000000000007, "points_above_top_qtr": -4.005000000000001, "end_pts": 88.2, "id": "00-0027325", "beg_points_above_top_qtr": -5.225, "relative_top_qtr_value": 0.7259352189781021, "relative_avg_value": 7.258821740896641, "weeks": 12, "beg_pts": 39.1, "beg_points_above_median": 1.5416666666666679, "beg_avg_pts": 9.775, "avg_pts": 10.608333333333333}, {"end_plus_minus": 8.029779265873016, "relative_median_value": 1.0, "end_points_above_median": -1.2041666666666675, "beg_plus_minus": 6.964446924603174, "end_avg_pts": 9.6625, "points_above_median": 0.0, "player": "Danny Woodhead (BAL, RB)", "pts": 126.69999999999999, "availability": 0.9333333333333333, "auction_value": 18.666666666666668, "plus_minus": 7.588559877622377, "end_points_above_top_qtr": -4.037500000000001, "points_above_top_qtr": -5.563333333333334, "end_pts": 77.3, "id": "00-0026019", "beg_points_above_top_qtr": -6.7666666666666675, "relative_top_qtr_value": 0.6192974452554744, "relative_avg_value": 6.192521925069719, "weeks": 14, "beg_pts": 49.4, "beg_points_above_median": 0.0, "beg_avg_pts": 8.233333333333333, "avg_pts": 9.049999999999999}, {"end_plus_minus": 11.387279265873016, "relative_median_value": 0.9643395278754395, "end_points_above_median": 2.1533333333333324, "beg_plus_minus": 3.881113591269843, "end_avg_pts": 13.02, "points_above_median": -0.3227272727272723, "player": "Chris Ivory (JAC, RB)", "pts": 96.0, "availability": 0.7333333333333333, "auction_value": 13.639277300337708, "plus_minus": 7.265832604895104, "end_points_above_top_qtr": -0.6800000000000015, "points_above_top_qtr": -5.886060606060607, "end_pts": 65.1, "id": "00-0027531", "beg_points_above_top_qtr": -9.849999999999998, "relative_top_qtr_value": 0.59721300597213, "relative_avg_value": 5.97169366958004, "weeks": 11, "beg_pts": 30.900000000000006, "beg_points_above_median": -3.0833333333333313, "beg_avg_pts": 5.150000000000001, "avg_pts": 8.727272727272727}, {"end_plus_minus": 7.792279265873015, "relative_median_value": 0.8206261510128915, "end_points_above_median": -1.4416666666666682, "beg_plus_minus": 3.873970734126985, "end_avg_pts": 9.424999999999999, "points_above_median": -1.6233333333333322, "player": "Marshawn Lynch (OAK, RB)", "pts": 111.4, "availability": 1.0, "auction_value": 13.46854559452466, "plus_minus": 5.965226544289044, "end_points_above_top_qtr": -4.275000000000002, "points_above_top_qtr": -7.1866666666666665, "end_pts": 75.39999999999999, "id": "00-0025399", "beg_points_above_top_qtr": -9.857142857142858, "relative_top_qtr_value": 0.5082116788321168, "relative_avg_value": 5.081745432432904, "weeks": 15, "beg_pts": 36.0, "beg_points_above_median": -3.0904761904761893, "beg_avg_pts": 5.142857142857143, "avg_pts": 7.426666666666667}, {"end_plus_minus": 6.342279265873016,