{"_id": "2010_qb", "year": 2010, "position": "qb", "data": [{"end_plus_minus": 9.641159226190481, "relative_median_value": 1.3674354832650917, "end_points_above_median": 9.960000000000006, "beg_plus_minus": 4.276619047619047, "end_avg_pts": 24.930000000000003, "points_above_median": 5.589428571428574, "player": "Aaron Rodgers (GB, QB)", "pts": 291.22, "availability": 0.9333333333333333, "auction_value": 34.90442294999212, "plus_minus": 6.40604634948385, "end_points_above_top_qtr": 6.762500000000003, "points_above_top_qtr": 3.5287012987013, "end_pts": 149.58, "id": "00-0023459", "beg_points_above_top_qtr": 2.2764285714285695, "relative_top_qtr_value": 1.2042932330827067, "relative_avg_value": 1.4450070342500732, "weeks": 14, "beg_pts": 141.64, "beg_points_above_median": 3.633571428571427, "beg_avg_pts": 17.705, "avg_pts": 20.801428571428573}, {"end_plus_minus": 7.193659226190476, "relative_median_value": 1.2404242264878602, "end_points_above_median": 7.512500000000001, "beg_plus_minus": 1.3116190476190468, "end_avg_pts": 22.482499999999998, "points_above_median": 3.65733333333333, "player": "Tom Brady (NE, QB)", "pts": 283.03999999999996, "availability": 1.0, "auction_value": 30.773045233160126, "plus_minus": 4.473951111388606, "end_points_above_top_qtr": 4.314999999999998, "points_above_top_qtr": 1.5966060606060566, "end_pts": 179.85999999999999, "id": "00-0019596", "beg_points_above_top_qtr": -0.6885714285714304, "relative_top_qtr_value": 1.092435087719298, "relative_avg_value": 1.3107907134670165, "weeks": 15, "beg_pts": 103.17999999999999, "beg_points_above_median": 0.6685714285714273, "beg_avg_pts": 14.739999999999998, "avg_pts": 18.86933333333333}, {"end_plus_minus": 1.8140163690476214, "relative_median_value": 1.1788062056271367, "end_points_above_median": 2.132857142857146, "beg_plus_minus": 5.229119047619047, "end_avg_pts": 17.102857142857143, "points_above_median": 2.7200000000000024, "player": "Philip Rivers (SD, QB)", "pts": 268.98, "availability": 1.0, "auction_value": 27.791681408500946, "plus_minus": 3.5366177780552785, "end_points_above_top_qtr": -1.0646428571428572, "points_above_top_qtr": 0.6592727272727288, "end_pts": 119.72000000000001, "id": "00-0022942", "beg_points_above_top_qtr": 3.22892857142857, "relative_top_qtr_value": 1.0381684210526316, "relative_avg_value": 1.2456772403489196, "weeks": 15, "beg_pts": 149.26, "beg_points_above_median": 4.586071428571428, "beg_avg_pts": 18.6575, "avg_pts": 17.932000000000002}, {"end_plus_minus": 2.9683020833333345, "relative_median_value": 1.147865720045578, "end_points_above_median": 3.287142857142859, "beg_plus_minus": 3.336619047619049, "end_avg_pts": 18.257142857142856, "points_above_median": 2.2493333333333325, "player": "Drew Brees (NO, QB)", "pts": 261.91999999999996, "availability": 1.0, "auction_value": 26.351914225115067, "plus_minus": 3.0659511113886087, "end_points_above_top_qtr": 0.0896428571428558, "points_above_top_qtr": 0.1886060606060589, "end_pts": 127.8, "id": "00-0020531", "beg_points_above_top_qtr": 1.3364285714285717, "relative_top_qtr_value": 1.0109192982456139, "relative_avg_value": 1.2129815703479403, "weeks": 15, "beg_pts": 134.12, "beg_points_above_median": 2.6935714285714294, "beg_avg_pts": 16.765, "avg_pts": 17.461333333333332}, {"end_plus_minus": 5.125444940476189, "relative_median_value": 1.0731189662296683, "end_points_above_median": 5.444285714285714, "beg_plus_minus": -1.1940952380952368, "end_avg_pts": 20.41428571428571, "points_above_median": 1.112285714285715, "player": "Matt Cassel (TEN, QB)", "pts": 228.54000000000002, "availability": 0.9333333333333333, "auction_value": 21.4962405593942, "plus_minus": 1.9289034923409911, "end_points_above_top_qtr": 2.2467857142857106, "points_above_top_qtr": -0.9484415584415586, "end_pts": 142.89999999999998, "id": "00-0023662", "beg_points_above_top_qtr": -3.194285714285714, "relative_top_qtr_value": 0.9450902255639098, "relative_avg_value": 1.133994600671354, "weeks": 14, "beg_pts": 85.64, "beg_points_above_median": -1.8371428571428563, "beg_avg_pts": 12.234285714285715, "avg_pts": 16.324285714285715}, {"end_plus_minus": 0.12365922619047787, "relative_median_value": 1.009115610482952, "end_points_above_median": 0.44250000000000256, "beg_plus_minus": 1.8516190476190495, "end_avg_pts": 15.4125, "points_above_median": 0.1386666666666656, "player": "Matt Ryan (ATL, QB)", "pts": 230.26, "availability": 1.0, "auction_value": 20.366286306407616, "plus_minus": 0.9552844447219417, "end_points_above_top_qtr": -2.755000000000001, "points_above_top_qtr": -1.922060606060608, "end_pts": 123.3, "id": "00-0026143", "beg_points_above_top_qtr": -0.1485714285714277, "relative_top_qtr_value": 0.8887228070175438, "relative_avg_value": 1.066360477963946, "weeks": 15, "beg_pts": 106.96000000000001, "beg_points_above_median": 1.20857142857143, "beg_avg_pts": 15.280000000000001, "avg_pts": 15.350666666666665}, {"end_plus_minus": 1.646159226190477, "relative_median_value": 1.0050837058462616, "end_points_above_median": 1.9650000000000016, "beg_plus_minus": -0.01980952380952239, "end_avg_pts": 16.935, "points_above_median": 0.07733333333333192, "player": "Matt Schaub (ATL, QB)", "pts": 229.33999999999997, "availability": 1.0, "auction_value": 20.20386511515309, "plus_minus": 0.893951111388608, "end_points_above_top_qtr": -1.2325000000000017, "points_above_top_qtr": -1.9833939393939417, "end_pts": 135.48, "id": "00-0022787", "beg_points_above_top_qtr": -2.0199999999999996, "relative_top_qtr_value": 0.8851719298245613, "relative_avg_value": 1.0620998524114105, "weeks": 15, "beg_pts": 93.86, "beg_points_above_median": -0.6628571428571419, "beg_avg_pts": 13.40857142857143, "avg_pts": 15.289333333333332}, {"end_plus_minus": 0.8286592261904779, "relative_median_value": 1.0, "end_points_above_median": 1.1475000000000026, "beg_plus_minus": 0.7487619047619063, "end_avg_pts": 16.1175, "points_above_median": 0.0, "player": "Joe Flacco (BAL, QB)", "pts": 228.18, "availability": 1.0, "auction_value": 20.0, "plus_minus": 0.8166177780552761, "end_points_above_top_qtr": -2.0500000000000007, "points_above_top_qtr": -2.0607272727272736, "end_pts": 128.94, "id": "00-0026158", "beg_points_above_top_qtr": -1.251428571428571, "relative_top_qtr_value": 0.8806947368421052, "relative_avg_value": 1.056727759323431, "weeks": 15, "beg_pts": 99.24000000000001, "beg_points_above_median": 0.10571428571428676, "beg_avg_pts": 14.177142857142858, "avg_pts": 15.212}, {"end_plus_minus": 2.8786592261904786, "relative_median_value": 1.1354672148782063, "end_points_above_median": 3.1975000000000033, "beg_plus_minus": 1.4582857142857133, "end_avg_pts": 18.1675, "points_above_median": 2.0607272727272736, "player": "Ben Roethlisberger (PIT, QB)", "pts": 190.0, "availability": 0.7333333333333333, "auction_value": 18.90952500892797, "plus_minus": 2.8773450507825498, "end_points_above_top_qtr": 0.0, "points_above_top_qtr": 0.0, "end_pts": 145.34, "id": "00-0022924", "beg_points_above_top_qtr": -0.5419047619047639, "relative_top_qtr_value": 1.0, "relative_avg_value": 1.1998797257634635, "weeks": 11, "beg_pts": 44.66, "beg_points_above_median": 0.8152380952380938, "beg_avg_pts": 14.886666666666665, "avg_pts": 17.272727272727273}, {"end_plus_minus": -0.3188407738095247, "relative_median_value": 0.9565255500043827, "end_points_above_median": 0.0, "beg_plus_minus": 0.6430476190476195, "end_avg_pts": 14.969999999999997, "points_above_median": -0.6613333333333316, "player": "Eli Manning (NYG, QB)", "pts": 218.26000000000002, "availability": 1.0, "auction_value": 18.298822556223733, "plus_minus": 0.15528444472194458, "end_points_above_top_qtr": -3.1975000000000033, "points_above_top_qtr": -2.722060606060605, "end_pts": 119.75999999999998, "id": "00-0022803", "beg_points_above_top_qtr": -1.3571428571428577, "relative_top_qtr_value": 0.8424070175438597, "relative_avg_value": 1.0107871011917435, "weeks": 15, "beg_pts": 98.5, "beg_points_above_median": 0.0, "beg_avg_pts": 14.071428571428571,