{"_id": "2010_te", "year": 2010, "position": "te", "data": [{"end_plus_minus": 4.010193452380952, "relative_median_value": 2.9674846625766866, "end_points_above_median": 3.7749999999999995, "beg_plus_minus": 10.952492559523808, "end_avg_pts": 8.95, "points_above_median": 9.162857142857142, "player": "Antonio Gates (SD, TE)", "pts": 138.2, "availability": 0.6666666666666666, "auction_value": 117.4128696350383, "plus_minus": 9.144729437229435, "end_points_above_top_qtr": 1.5499999999999998, "points_above_top_qtr": 7.393333333333332, "end_pts": 17.9, "id": "00-0021547", "beg_points_above_top_qtr": 8.5375, "relative_top_qtr_value": 2.150414937759336, "relative_avg_value": 2.955978657160383, "weeks": 10, "beg_pts": 120.3, "beg_points_above_median": 11.023214285714285, "beg_avg_pts": 15.0375, "avg_pts": 13.819999999999999}, {"end_plus_minus": 4.985193452380954, "relative_median_value": 2.0269938650306747, "end_points_above_median": 4.750000000000001, "beg_plus_minus": 4.8007068452380945, "end_avg_pts": 9.925, "points_above_median": 4.782857142857142, "player": "Jason Witten (DAL, TE)", "pts": 141.6, "availability": 1.0, "auction_value": 82.17408257743986, "plus_minus": 4.764729437229436, "end_points_above_top_qtr": 2.5250000000000012, "points_above_top_qtr": 3.0133333333333328, "end_pts": 79.4, "id": "00-0022127", "beg_points_above_top_qtr": 2.385714285714286, "relative_top_qtr_value": 1.4688796680497924, "relative_avg_value": 2.019134480723156, "weeks": 15, "beg_pts": 62.2, "beg_points_above_median": 4.871428571428572, "beg_avg_pts": 8.885714285714286, "avg_pts": 9.44}, {"end_plus_minus": 1.7459077380952381, "relative_median_value": 1.70920245398773, "end_points_above_median": 1.5107142857142852, "beg_plus_minus": 4.989992559523808, "end_avg_pts": 6.685714285714285, "points_above_median": 3.3028571428571425, "player": "Marcedes Lewis (JAC, TE)", "pts": 119.4, "availability": 1.0, "auction_value": 58.42746057435356, "plus_minus": 3.284729437229436, "end_points_above_top_qtr": -0.7142857142857144, "points_above_top_qtr": 1.5333333333333332, "end_pts": 46.8, "id": "00-0024243", "beg_points_above_top_qtr": 2.5749999999999993, "relative_top_qtr_value": 1.2385892116182573, "relative_avg_value": 1.702575261287746, "weeks": 15, "beg_pts": 72.6, "beg_points_above_median": 5.060714285714285, "beg_avg_pts": 9.075, "avg_pts": 7.96}, {"end_plus_minus": 2.2601934523809533, "relative_median_value": 1.702044989775051, "end_points_above_median": 2.0250000000000004, "beg_plus_minus": 4.477492559523808, "end_avg_pts": 7.2, "points_above_median": 3.2695238095238093, "player": "Vernon Davis (WAS, TE)", "pts": 118.9, "availability": 1.0, "auction_value": 57.93914294436706, "plus_minus": 3.251396103896103, "end_points_above_top_qtr": -0.1999999999999993, "points_above_top_qtr": 1.5, "end_pts": 50.4, "id": "00-0024221", "beg_points_above_top_qtr": 2.0625, "relative_top_qtr_value": 1.233402489626556, "relative_avg_value": 1.6954455491382998, "weeks": 15, "beg_pts": 68.5, "beg_points_above_median": 4.548214285714286, "beg_avg_pts": 8.5625, "avg_pts": 7.926666666666667}, {"end_plus_minus": 3.5976934523809527, "relative_median_value": 1.3799591002044989, "end_points_above_median": 3.3625, "beg_plus_minus": -0.07072172619047734, "end_avg_pts": 8.5375, "points_above_median": 1.7695238095238093, "player": "Rob Gronkowski (NE, TE)", "pts": 96.4, "availability": 1.0, "auction_value": 38.0857423647442, "plus_minus": 1.751396103896103, "end_points_above_top_qtr": 1.1375000000000002, "points_above_top_qtr": 0.0, "end_pts": 68.3, "id": "00-0027656", "beg_points_above_top_qtr": -2.4857142857142858, "relative_top_qtr_value": 1.0, "relative_avg_value": 1.3746085024132222, "weeks": 15, "beg_pts": 28.1, "beg_points_above_median": 0.0, "beg_avg_pts": 4.014285714285714, "avg_pts": 6.426666666666667}, {"end_plus_minus": 0.3101934523809531, "relative_median_value": 1.2525562372188137, "end_points_above_median": 0.07500000000000018, "beg_plus_minus": 2.4149925595238084, "end_avg_pts": 5.25, "points_above_median": 1.1761904761904756, "player": "Benjamin Watson (BAL, TE)", "pts": 87.5, "availability": 1.0, "auction_value": 31.37794254791506, "plus_minus": 1.1580627705627693, "end_points_above_top_qtr": -2.1499999999999995, "points_above_top_qtr": -0.5933333333333337, "end_pts": 42.0, "id": "00-0022943", "beg_points_above_top_qtr": 0.0, "relative_top_qtr_value": 0.9076763485477178, "relative_avg_value": 1.2476996261530802, "weeks": 15, "beg_pts": 45.5, "beg_points_above_median": 2.4857142857142858, "beg_avg_pts": 6.5, "avg_pts": 5.833333333333333}, {"end_plus_minus": 0.803050595238096, "relative_median_value": 1.151840490797546, "end_points_above_median": 0.5678571428571431, "beg_plus_minus": 0.9007068452380942, "end_avg_pts": 5.742857142857143, "points_above_median": 0.7071428571428564, "player": "Brent Celek (PHI, TE)", "pts": 75.1, "availability": 0.9333333333333333, "auction_value": 24.76574830316032, "plus_minus": 0.6890151515151501, "end_points_above_top_qtr": -1.6571428571428566, "points_above_top_qtr": -1.0623809523809529, "end_pts": 40.2, "id": "00-0025549", "beg_points_above_top_qtr": -1.5142857142857142, "relative_top_qtr_value": 0.834691760521636, "relative_avg_value": 1.1473743909073018, "weeks": 14, "beg_pts": 34.9, "beg_points_above_median": 0.9714285714285715, "beg_avg_pts": 4.985714285714286, "avg_pts": 5.364285714285714}, {"end_plus_minus": 0.2351934523809529, "relative_median_value": 1.0993865030674845, "end_points_above_median": 0.0, "beg_plus_minus": 0.9721354166666654, "end_avg_pts": 5.175, "points_above_median": 0.46285714285714263, "player": "Anthony Fasano (MIA, TE)", "pts": 76.8, "availability": 1.0, "auction_value": 24.17301366253904, "plus_minus": 0.44472943722943636, "end_points_above_top_qtr": -2.2249999999999996, "points_above_top_qtr": -1.3066666666666666, "end_pts": 41.4, "id": "00-0024268", "beg_points_above_top_qtr": -1.442857142857143, "relative_top_qtr_value": 0.7966804979253113, "relative_avg_value": 1.095123786154932, "weeks": 15, "beg_pts": 35.4, "beg_points_above_median": 1.0428571428571427, "beg_avg_pts": 5.057142857142857, "avg_pts": 5.12}, {"end_plus_minus": -0.3148065476190469, "relative_median_value": 0.989161554192229, "end_points_above_median": -0.5499999999999998, "beg_plus_minus": 0.5007068452380947, "end_avg_pts": 4.625, "points_above_median": -0.05047619047619101, "player": "Jermaine Gresham (ARI, TE)", "pts": 69.1, "availability": 1.0, "auction_value": 19.568811605839716, "plus_minus": -0.06860389610389728, "end_points_above_top_qtr": -2.7749999999999995, "points_above_top_qtr": -1.8200000000000003, "end_pts": 37.0, "id": "00-0027873", "beg_points_above_top_qtr": -1.9142857142857137, "relative_top_qtr_value": 0.716804979253112, "relative_avg_value": 0.9853262190534611, "weeks": 15, "beg_pts": 32.1, "beg_points_above_median": 0.5714285714285721, "beg_avg_pts": 4.585714285714286, "avg_pts": 4.6066666666666665}, {"end_plus_minus": 2.6601934523809536, "relative_median_value": 1.1399888455103178, "end_points_above_median": 2.4250000000000007, "beg_plus_minus": -2.7850074404761918, "end_avg_pts": 7.6000000000000005, "points_above_median": 0.6519480519480512, "player": "Jimmy Graham (SEA, TE)", "pts": 58.4, "availability": 0.7333333333333333, "auction_value": 19.06042699568989, "plus_minus": 0.6338203463203449, "end_points_above_top_qtr": 0.20000000000000107, "points_above_top_qtr": -1.117575757575758, "end_pts": 53.2, "id": "00-0027696", "beg_points_above_top_qtr": -5.2, "relative_top_qtr_value": 0.8261033572236891, "relative_avg_value": 1.1355686987117903, "weeks": 11, "beg_pts": 5.2, "beg_points_above_median": -2.7142857142857144, "beg_avg_pts": 1.3, "avg_pts": 5.309090909090909}, {"end_plus_minus": -0.7773065476190473, "relative_median_value": 0.9376278118609406, "end_points_above_median": -1.0125000000000002, "beg_plus_minus": 0.514992559523809, "end_avg_pts": 4.1625, "points_above_median": -0.2904761904761912, "player": "Greg Olsen (CAR, TE)",