{"_id": "2017_te", "year": 2017, "position": "te", "data": [{"end_plus_minus": 4.03952380952381, "relative_median_value": 1.3856209150326795, "end_points_above_median": 3.4674999999999994, "beg_plus_minus": 1.0839880952380962, "end_avg_pts": 9.6875, "points_above_median": 2.3599999999999985, "player": "Travis Kelce (KC, TE)", "pts": 127.19999999999999, "availability": 1.0, "auction_value": 19.41327410941008, "plus_minus": 2.4997359931734913, "end_points_above_top_qtr": 2.0999999999999996, "points_above_top_qtr": 0.937142857142856, "end_pts": 77.5, "id": "00-0030506", "beg_points_above_top_qtr": 0.0, "relative_top_qtr_value": 1.124242424242424, "relative_avg_value": 1.4179975984872955, "weeks": 15, "beg_pts": 49.7, "beg_points_above_median": 0.7857142857142856, "beg_avg_pts": 7.1000000000000005, "avg_pts": 8.479999999999999}, {"end_plus_minus": 0.22702380952380974, "relative_median_value": 1.275599128540305, "end_points_above_median": -0.34500000000000064, "beg_plus_minus": 3.99827380952381, "end_avg_pts": 5.875, "points_above_median": 1.6866666666666665, "player": "Greg Olsen (CAR, TE)", "pts": 117.1, "availability": 1.0, "auction_value": 13.943696513616402, "plus_minus": 1.8264026598401593, "end_points_above_top_qtr": -1.7125000000000004, "points_above_top_qtr": 0.26380952380952394, "end_pts": 47.0, "id": "00-0025418", "beg_points_above_top_qtr": 2.9142857142857137, "relative_top_qtr_value": 1.0349747474747475, "relative_avg_value": 1.3054050218778486, "weeks": 15, "beg_pts": 70.1, "beg_points_above_median": 3.6999999999999993, "beg_avg_pts": 10.014285714285714, "avg_pts": 7.806666666666667}, {"end_plus_minus": 1.8948809523809524, "relative_median_value": 1.2324929971988796, "end_points_above_median": 1.322857142857142, "beg_plus_minus": 1.5268452380952384, "end_avg_pts": 7.542857142857143, "points_above_median": 1.4228571428571426, "player": "Delanie Walker (TEN, TE)", "pts": 105.6, "availability": 0.9333333333333333, "auction_value": 11.342157778143939, "plus_minus": 1.5625931360306353, "end_points_above_top_qtr": -0.04464285714285765, "points_above_top_qtr": 0.0, "end_pts": 52.8, "id": "00-0024389", "beg_points_above_top_qtr": 0.44285714285714217, "relative_top_qtr_value": 1.0, "relative_avg_value": 1.261291664422662, "weeks": 14, "beg_pts": 52.8, "beg_points_above_median": 1.2285714285714278, "beg_avg_pts": 7.542857142857143, "avg_pts": 7.542857142857143}, {"end_plus_minus": 2.06452380952381, "relative_median_value": 1.1971677559912854, "end_points_above_median": 1.4924999999999997, "beg_plus_minus": 0.8697023809523818, "end_avg_pts": 7.7125, "points_above_median": 1.206666666666667, "player": "Jimmy Graham (SEA, TE)", "pts": 109.9, "availability": 1.0, "auction_value": 10.817853883318675, "plus_minus": 1.3464026598401597, "end_points_above_top_qtr": 0.125, "points_above_top_qtr": -0.2161904761904756, "end_pts": 61.7, "id": "00-0027696", "beg_points_above_top_qtr": -0.2142857142857144, "relative_top_qtr_value": 0.9713383838383839, "relative_avg_value": 1.2251410068691337, "weeks": 15, "beg_pts": 48.2, "beg_points_above_median": 0.5714285714285712, "beg_avg_pts": 6.885714285714286, "avg_pts": 7.326666666666667}, {"end_plus_minus": 0.5720238095238104, "relative_median_value": 1.2566844919786095, "end_points_above_median": 0.0, "beg_plus_minus": 2.900654761904762, "end_avg_pts": 6.220000000000001, "points_above_median": 1.5709090909090904, "player": "Jordan Reed (WAS, TE)", "pts": 84.6, "availability": 0.7333333333333333, "auction_value": 9.632244884215252, "plus_minus": 1.710645084082583, "end_points_above_top_qtr": -1.3674999999999997, "points_above_top_qtr": 0.14805194805194777, "end_pts": 31.1, "id": "00-0030472", "beg_points_above_top_qtr": 1.8166666666666655, "relative_top_qtr_value": 1.0196280991735538, "relative_avg_value": 1.2860484222987265, "weeks": 11, "beg_pts": 53.5, "beg_points_above_median": 2.602380952380951, "beg_avg_pts": 8.916666666666666, "avg_pts": 7.6909090909090905}, {"end_plus_minus": -2.8479761904761904, "relative_median_value": 1.3480392156862744, "end_points_above_median": -3.420000000000001, "beg_plus_minus": 4.050654761904764, "end_avg_pts": 2.8, "points_above_median": 2.13, "player": "Rob Gronkowski (NE, TE)", "pts": 66.0, "availability": 0.5333333333333333, "auction_value": 9.275341315039086, "plus_minus": 2.2697359931734926, "end_points_above_top_qtr": -4.7875000000000005, "points_above_top_qtr": 0.7071428571428573, "end_pts": 5.6, "id": "00-0027656", "beg_points_above_top_qtr": 2.9666666666666677, "relative_top_qtr_value": 1.09375, "relative_avg_value": 1.3795377579622865, "weeks": 8, "beg_pts": 60.400000000000006, "beg_points_above_median": 3.7523809523809533, "beg_avg_pts": 10.066666666666668, "avg_pts": 8.25}, {"end_plus_minus": 2.00202380952381, "relative_median_value": 1.0675381263616557, "end_points_above_median": 1.4299999999999997, "beg_plus_minus": -0.7588690476190472, "end_avg_pts": 7.65, "points_above_median": 0.4133333333333331, "player": "Cameron Brate (TB, TE)", "pts": 98.0, "availability": 1.0, "auction_value": 6.839977044701319, "plus_minus": 0.5530693265068258, "end_points_above_top_qtr": 0.0625, "points_above_top_qtr": -1.0095238095238095, "end_pts": 61.2, "id": "00-0031273", "beg_points_above_top_qtr": -1.8428571428571434, "relative_top_qtr_value": 0.8661616161616161, "relative_avg_value": 1.0924824265075077, "weeks": 15, "beg_pts": 36.8, "beg_points_above_median": -1.0571428571428578, "beg_avg_pts": 5.257142857142857, "avg_pts": 6.533333333333333}, {"end_plus_minus": 0.8645238095238099, "relative_median_value": 1.0490196078431373, "end_points_above_median": 0.29249999999999954, "beg_plus_minus": 0.29827380952381066, "end_avg_pts": 6.5125, "points_above_median": 0.2999999999999998, "player": "Kyle Rudolph (MIN, TE)", "pts": 96.3, "availability": 1.0, "auction_value": 6.3775737567957025, "plus_minus": 0.43973599317349255, "end_points_above_top_qtr": -1.0750000000000002, "points_above_top_qtr": -1.1228571428571428, "end_pts": 52.1, "id": "00-0027981", "beg_points_above_top_qtr": -0.7857142857142856, "relative_top_qtr_value": 0.8511363636363637, "relative_avg_value": 1.0735312007415612, "weeks": 15, "beg_pts": 44.2, "beg_points_above_median": 0.0, "beg_avg_pts": 6.314285714285715, "avg_pts": 6.42}, {"end_plus_minus": -0.6479761904761903, "relative_median_value": 1.0, "end_points_above_median": -1.2200000000000006, "beg_plus_minus": 1.0839880952380954, "end_avg_pts": 5.0, "points_above_median": 0.0, "player": "Martellus Bennett (NE, TE)", "pts": 91.8, "availability": 1.0, "auction_value": 5.2664876033057855, "plus_minus": 0.13973599317349272, "end_points_above_top_qtr": -2.5875000000000004, "points_above_top_qtr": -1.4228571428571426, "end_pts": 35.0, "id": "00-0026201", "beg_points_above_top_qtr": -8.881784197001252e-16, "relative_top_qtr_value": 0.8113636363636364, "relative_avg_value": 1.0233661913611143, "weeks": 15, "beg_pts": 56.8, "beg_points_above_median": 0.7857142857142847, "beg_avg_pts": 7.1, "avg_pts": 6.12}, {"end_plus_minus": 0.3805952380952391, "relative_median_value": 1.0226034858387798, "end_points_above_median": -0.19142857142857128, "beg_plus_minus": 0.5639880952380958, "end_avg_pts": 6.028571428571429, "points_above_median": 0.13833333333333275, "player": "Eric Ebron (DET, TE)", "pts": 75.1, "availability": 0.8, "auction_value": 4.607232493412529, "plus_minus": 0.2780693265068255, "end_points_above_top_qtr": -1.558928571428571, "points_above_top_qtr": -1.2845238095238098, "end_pts": 42.2, "id": "00-0031387", "beg_points_above_top_qtr": -0.5200000000000005, "relative_top_qtr_value": 0.8297032828282828, "relative_avg_value": 1.0464978345754314, "weeks": 12, "beg_pts": 32.9, "beg_points_above_median": 0.2657142857142851, "beg_avg_pts": 6.58, "avg_pts": 6.258333333333333}, {"end_plus_minus": 2.0353571428571433, "relative_median_value": 0.9980936819172114, "end_points_above_median": 1.463333333333333, "beg_plus_minus": -1.4826785714285702, "end_avg_pts": 7.683333333333334,