{"_id": "2017_qb", "year": 2017, "position": "qb", "data": [{"end_plus_minus": 7.510178571428568, "relative_median_value": 1.3433371515845745, "end_points_above_median": 7.546071428571427, "beg_plus_minus": 4.927477678571428, "end_avg_pts": 24.3175, "points_above_median": 5.994666666666667, "player": "Aaron Rodgers (GB, QB)", "pts": 351.82, "availability": 1.0, "auction_value": 35.88446118848407, "plus_minus": 6.245970238095236, "end_points_above_top_qtr": 4.932500000000001, "points_above_top_qtr": 3.774666666666665, "end_pts": 194.54, "id": "00-0023459", "beg_points_above_top_qtr": 2.2685714285714305, "relative_top_qtr_value": 1.1918021680216802, "relative_avg_value": 1.3629542925590292, "weeks": 15, "beg_pts": 157.28, "beg_points_above_median": 4.0860714285714295, "beg_avg_pts": 22.46857142857143, "avg_pts": 23.454666666666665}, {"end_plus_minus": 2.765178571428571, "relative_median_value": 1.22290950744559, "end_points_above_median": 2.8010714285714293, "beg_plus_minus": 5.844620535714281, "end_avg_pts": 19.5725, "points_above_median": 3.8919999999999995, "player": "Drew Brees (NO, QB)", "pts": 320.28, "availability": 1.0, "auction_value": 24.64583927008468, "plus_minus": 4.143303571428568, "end_points_above_top_qtr": 0.18750000000000355, "points_above_top_qtr": 1.671999999999997, "end_pts": 156.58, "id": "00-0020531", "beg_points_above_top_qtr": 3.1857142857142833, "relative_top_qtr_value": 1.0849593495934957, "relative_avg_value": 1.24076800869992, "weeks": 15, "beg_pts": 163.7, "beg_points_above_median": 5.003214285714282, "beg_avg_pts": 23.385714285714283, "avg_pts": 21.351999999999997}, {"end_plus_minus": 2.8612499999999983, "relative_median_value": 1.2142802596410844, "end_points_above_median": 2.897142857142857, "beg_plus_minus": 5.001406249999999, "end_avg_pts": 19.66857142857143, "points_above_median": 3.7413333333333334, "player": "Matt Ryan (ATL, QB)", "pts": 318.02, "availability": 1.0, "auction_value": 23.957531370845835, "plus_minus": 3.992636904761902, "end_points_above_top_qtr": 0.28357142857143103, "points_above_top_qtr": 1.521333333333331, "end_pts": 137.68, "id": "00-0026143", "beg_points_above_top_qtr": 2.342500000000001, "relative_top_qtr_value": 1.0773035230352301, "relative_avg_value": 1.2320127454937821, "weeks": 15, "beg_pts": 180.34, "beg_points_above_median": 4.16, "beg_avg_pts": 22.5425, "avg_pts": 21.20133333333333}, {"end_plus_minus": 4.94125, "relative_median_value": 1.1271477663230243, "end_points_above_median": 4.977142857142859, "beg_plus_minus": 0.32890624999999574, "end_avg_pts": 21.74857142857143, "points_above_median": 2.2200000000000024, "player": "Kirk Cousins (WAS, QB)", "pts": 295.2, "availability": 1.0, "auction_value": 17.78646921977776, "plus_minus": 2.471303571428571, "end_points_above_top_qtr": 2.363571428571433, "points_above_top_qtr": 0.0, "end_pts": 152.24, "id": "00-0029604", "beg_points_above_top_qtr": -2.330000000000002, "relative_top_qtr_value": 1.0, "relative_avg_value": 1.1436078311733997, "weeks": 15, "beg_pts": 142.95999999999998, "beg_points_above_median": -0.5125000000000028, "beg_avg_pts": 17.869999999999997, "avg_pts": 19.68}, {"end_plus_minus": 1.444107142857142, "relative_median_value": 1.2127460168697284, "end_points_above_median": 1.4800000000000004, "beg_plus_minus": 8.748906249999997, "end_avg_pts": 18.251428571428573, "points_above_median": 3.7145454545454584, "player": "Tom Brady (NE, QB)", "pts": 232.92000000000002, "availability": 0.7333333333333333, "auction_value": 17.48023150132327, "plus_minus": 3.965849025974027, "end_points_above_top_qtr": -1.1335714285714253, "points_above_top_qtr": 1.494545454545456, "end_pts": 127.76, "id": "00-0019596", "beg_points_above_top_qtr": 6.09, "relative_top_qtr_value": 1.0759423503325942, "relative_avg_value": 1.2304560977314682, "weeks": 11, "beg_pts": 105.16, "beg_points_above_median": 7.907499999999999, "beg_avg_pts": 26.29, "avg_pts": 21.174545454545456}, {"end_plus_minus": 2.5776785714285673, "relative_median_value": 1.1168384879725088, "end_points_above_median": 2.6135714285714258, "beg_plus_minus": 2.0903348214285735, "end_avg_pts": 19.384999999999998, "points_above_median": 2.0400000000000027, "player": "Dak Prescott (DAL, QB)", "pts": 292.5, "availability": 1.0, "auction_value": 17.14461804636818, "plus_minus": 2.291303571428571, "end_points_above_top_qtr": 0.0, "points_above_top_qtr": -0.17999999999999972, "end_pts": 155.07999999999998, "id": "00-0033077", "beg_points_above_top_qtr": -0.5685714285714241, "relative_top_qtr_value": 0.9908536585365854, "relative_avg_value": 1.1331480034492527, "weeks": 15, "beg_pts": 137.42000000000002, "beg_points_above_median": 1.248928571428575, "beg_avg_pts": 19.631428571428575, "avg_pts": 19.5}, {"end_plus_minus": 0.8612499999999983, "relative_median_value": 1.033753340969836, "end_points_above_median": 0.8971428571428568, "beg_plus_minus": 0.8414062499999986, "end_avg_pts": 17.66857142857143, "points_above_median": 0.5893333333333359, "player": "Marcus Mariota (TEN, QB)", "pts": 270.74, "availability": 1.0, "auction_value": 12.584443951340777, "plus_minus": 0.8406369047619044, "end_points_above_top_qtr": -1.716428571428569, "points_above_top_qtr": -1.6306666666666665, "end_pts": 123.67999999999999, "id": "00-0032268", "beg_points_above_top_qtr": -1.817499999999999, "relative_top_qtr_value": 0.9171409214092141, "relative_avg_value": 1.0488495400131648, "weeks": 15, "beg_pts": 147.06, "beg_points_above_median": 0.0, "beg_avg_pts": 18.3825, "avg_pts": 18.049333333333333}, {"end_plus_minus": -2.0530357142857163, "relative_median_value": 1.0088583428789617, "end_points_above_median": -2.017142857142858, "beg_plus_minus": 2.576406249999998, "end_avg_pts": 14.754285714285714, "points_above_median": 0.15466666666667095, "player": "Derek Carr (OAK, QB)", "pts": 264.22, "availability": 1.0, "auction_value": 11.415293585639422, "plus_minus": 0.40597023809523947, "end_points_above_top_qtr": -4.630714285714284, "points_above_top_qtr": -2.0653333333333315, "end_pts": 103.28, "id": "00-0031280", "beg_points_above_top_qtr": -0.08249999999999957, "relative_top_qtr_value": 0.8950542005420055, "relative_avg_value": 1.023590993064484, "weeks": 15, "beg_pts": 160.94, "beg_points_above_median": 1.7349999999999994, "beg_avg_pts": 20.1175, "avg_pts": 17.61466666666667}, {"end_plus_minus": -0.6873214285714333, "relative_median_value": 1.0234004254622813, "end_points_above_median": -0.6514285714285748, "beg_plus_minus": 2.6589062499999976, "end_avg_pts": 16.119999999999997, "points_above_median": 0.40857142857143103, "player": "Ben Roethlisberger (PIT, QB)", "pts": 250.16, "availability": 0.9333333333333333, "auction_value": 11.281983899206475, "plus_minus": 0.6598749999999995, "end_points_above_top_qtr": -3.2650000000000006, "points_above_top_qtr": -1.8114285714285714, "end_pts": 128.95999999999998, "id": "00-0022924", "beg_points_above_top_qtr": 0.0, "relative_top_qtr_value": 0.9079558652729385, "relative_avg_value": 1.0383454378859525, "weeks": 14, "beg_pts": 121.2, "beg_points_above_median": 1.817499999999999, "beg_avg_pts": 20.2, "avg_pts": 17.86857142857143}, {"end_plus_minus": -1.5016071428571447, "relative_median_value": 1.0, "end_points_above_median": -1.4657142857142862, "beg_plus_minus": 1.8039062499999972, "end_avg_pts": 15.305714285714286, "points_above_median": 0.0, "player": "Matthew Stafford (DET, QB)", "pts": 261.9, "availability": 1.0, "auction_value": 11.019612581796547, "plus_minus": 0.2513035714285685, "end_points_above_top_qtr": -4.079285714285712, "points_above_top_qtr": -2.2200000000000024, "end_pts": 107.14, "id": "00-0026498", "beg_points_above_top_qtr": -0.8550000000000004, "relative_top_qtr_value": 0.8871951219512194, "relative_avg_value": 1.0146032892422538, "weeks": 15, "beg_pts": 154.76, "beg_points_above_median": 0.9624999999999986, "beg_avg_pts": 19.345, "avg_pts": 17.459999999999997}, {"end_plus_minus": -0.41017857142857395, "relative_median_value": 0.9707521954944638,