{"_id": "2017_rb", "year": 2017, "position": "rb", "data": [{"end_plus_minus": 11.080119047619046, "relative_median_value": 1.7078275086858774, "end_points_above_median": 11.142857142857142, "beg_plus_minus": 7.0337499999999995, "end_avg_pts": 23.457142857142856, "points_above_median": 8.880512820512818, "player": "David Johnson (ARI, RB)", "pts": 321.4, "availability": 1.0, "auction_value": 72.91686998560527, "plus_minus": 8.905606227106226, "end_points_above_top_qtr": 8.557142857142855, "points_above_top_qtr": 5.499999999999998, "end_pts": 164.2, "id": "00-0032187", "beg_points_above_top_qtr": 4.924999999999999, "relative_top_qtr_value": 1.345332775219757, "relative_avg_value": 1.711250158889806, "weeks": 15, "beg_pts": 157.2, "beg_points_above_median": 6.712499999999999, "beg_avg_pts": 19.65, "avg_pts": 21.426666666666666}, {"end_plus_minus": 8.93547619047619, "relative_median_value": 1.55904353157572, "end_points_above_median": 8.998214285714287, "beg_plus_minus": 4.940892857142858, "end_avg_pts": 21.3125, "points_above_median": 7.013846153846151, "player": "Ezekiel Elliott (DAL, RB)", "pts": 293.4, "availability": 1.0, "auction_value": 60.76541833370233, "plus_minus": 7.038939560439559, "end_points_above_top_qtr": 6.4125, "points_above_top_qtr": 3.633333333333331, "end_pts": 170.5, "id": "00-0033045", "beg_points_above_top_qtr": 2.8321428571428573, "relative_top_qtr_value": 1.228128924236082, "relative_avg_value": 1.5621680044127848, "weeks": 15, "beg_pts": 122.9, "beg_points_above_median": 4.619642857142857, "beg_avg_pts": 17.557142857142857, "avg_pts": 19.56}, {"end_plus_minus": 10.31047619047619, "relative_median_value": 1.5967708972000816, "end_points_above_median": 10.373214285714287, "beg_plus_minus": 2.1087500000000006, "end_avg_pts": 22.6875, "points_above_median": 7.487179487179487, "player": "Le'Veon Bell (PIT, RB)", "pts": 240.4, "availability": 0.8, "auction_value": 50.99354596290307, "plus_minus": 7.512272893772895, "end_points_above_top_qtr": 7.7875, "points_above_top_qtr": 4.106666666666667, "end_pts": 181.5, "id": "00-0030496", "beg_points_above_top_qtr": 0.0, "relative_top_qtr_value": 1.2578484721640855, "relative_avg_value": 1.5999709792980297, "weeks": 12, "beg_pts": 58.9, "beg_points_above_median": 1.7874999999999996, "beg_avg_pts": 14.725, "avg_pts": 20.033333333333335}, {"end_plus_minus": 6.651547619047623, "relative_median_value": 1.3931418060786545, "end_points_above_median": 6.714285714285719, "beg_plus_minus": 3.3123214285714297, "end_avg_pts": 19.028571428571432, "points_above_median": 4.93241758241758, "player": "LeSean McCoy (BUF, RB)", "pts": 244.7, "availability": 0.9333333333333333, "auction_value": 45.286362143028896, "plus_minus": 4.957510989010988, "end_points_above_top_qtr": 4.128571428571432, "points_above_top_qtr": 1.5519047619047601, "end_pts": 133.20000000000002, "id": "00-0027029", "beg_points_above_top_qtr": 1.2035714285714292, "relative_top_qtr_value": 1.0974406506009686, "relative_avg_value": 1.3959337959385352, "weeks": 14, "beg_pts": 111.5, "beg_points_above_median": 2.991071428571429, "beg_avg_pts": 15.928571428571429, "avg_pts": 17.478571428571428}, {"end_plus_minus": 1.5658333333333356, "relative_median_value": 1.2694461475577354, "end_points_above_median": 1.6285714285714317, "beg_plus_minus": 5.046249999999999, "end_avg_pts": 13.942857142857145, "points_above_median": 3.38051282051282, "player": "DeMarco Murray (TEN, RB)", "pts": 238.9, "availability": 1.0, "auction_value": 40.287338038729395, "plus_minus": 3.4056062271062277, "end_points_above_top_qtr": -0.9571428571428555, "points_above_top_qtr": 0.0, "end_pts": 97.60000000000001, "id": "00-0028009", "beg_points_above_top_qtr": 2.9374999999999982, "relative_top_qtr_value": 1.0, "relative_avg_value": 1.2719902394485834, "weeks": 15, "beg_pts": 141.29999999999998, "beg_points_above_median": 4.724999999999998, "beg_avg_pts": 17.662499999999998, "avg_pts": 15.926666666666668}, {"end_plus_minus": 2.522976190476191, "relative_median_value": 1.285101164929491, "end_points_above_median": 2.585714285714287, "beg_plus_minus": 4.27125, "end_avg_pts": 14.9, "points_above_median": 3.576923076923075, "player": "Melvin Gordon (SD, RB)", "pts": 209.6, "availability": 0.8666666666666667, "auction_value": 35.782175088901255, "plus_minus": 3.6020164835164827, "end_points_above_top_qtr": 0.0, "points_above_top_qtr": 0.196410256410255, "end_pts": 74.5, "id": "00-0032144", "beg_points_above_top_qtr": 2.1624999999999996, "relative_top_qtr_value": 1.0123321634414142, "relative_avg_value": 1.2876766309773466, "weeks": 13, "beg_pts": 135.1, "beg_points_above_median": 3.9499999999999993, "beg_avg_pts": 16.8875, "avg_pts": 16.123076923076923}, {"end_plus_minus": 1.7372619047619047, "relative_median_value": 1.1413856529736357, "end_points_above_median": 1.8000000000000007, "beg_plus_minus": 1.883750000000001, "end_avg_pts": 14.114285714285714, "points_above_median": 1.7738461538461525, "player": "LeGarrette Blount (PHI, RB)", "pts": 214.8, "availability": 1.0, "auction_value": 32.56903022035132, "plus_minus": 1.7989395604395604, "end_points_above_top_qtr": -0.7857142857142865, "points_above_top_qtr": -1.6066666666666674, "end_pts": 98.8, "id": "00-0027325", "beg_points_above_top_qtr": -0.22499999999999964, "relative_top_qtr_value": 0.8991209711176223, "relative_avg_value": 1.1436730993451472, "weeks": 15, "beg_pts": 116.0, "beg_points_above_median": 1.5625, "beg_avg_pts": 14.5, "avg_pts": 14.32}, {"end_plus_minus": 2.322976190476192, "relative_median_value": 1.0967504598405884, "end_points_above_median": 2.385714285714288, "beg_plus_minus": 0.3212500000000009, "end_avg_pts": 14.700000000000001, "points_above_median": 1.213846153846152, "player": "Devonta Freeman (ATL, RB)", "pts": 206.4, "availability": 1.0, "auction_value": 30.071539279013553, "plus_minus": 1.2389395604395599, "end_points_above_top_qtr": -0.1999999999999993, "points_above_top_qtr": -2.166666666666668, "end_pts": 102.9, "id": "00-0031285", "beg_points_above_top_qtr": -1.7874999999999996, "relative_top_qtr_value": 0.8639598158225198, "relative_avg_value": 1.0989484530020408, "weeks": 15, "beg_pts": 103.5, "beg_points_above_median": 0.0, "beg_avg_pts": 12.9375, "avg_pts": 13.76}, {"end_plus_minus": 2.108690476190475, "relative_median_value": 1.0680564071122012, "end_points_above_median": 2.171428571428571, "beg_plus_minus": -0.30196428571428413, "end_avg_pts": 14.485714285714284, "points_above_median": 0.8538461538461544, "player": "Jordan Howard (CHI, RB)", "pts": 187.60000000000002, "availability": 0.9333333333333333, "auction_value": 26.617371404713225, "plus_minus": 0.8789395604395622, "end_points_above_top_qtr": -0.41428571428571637, "points_above_top_qtr": -2.5266666666666655, "end_pts": 101.39999999999999, "id": "00-0032780", "beg_points_above_top_qtr": -2.4107142857142847, "relative_top_qtr_value": 0.841356215989954, "relative_avg_value": 1.0701968946386156, "weeks": 14, "beg_pts": 86.2, "beg_points_above_median": -0.623214285714285, "beg_avg_pts": 12.314285714285715, "avg_pts": 13.400000000000002}, {"end_plus_minus": -0.6270238095238092, "relative_median_value": 1.0270649032145045, "end_points_above_median": -0.5642857142857132, "beg_plus_minus": 1.7837500000000013, "end_avg_pts": 11.75, "points_above_median": 0.33956043956043835, "player": "Jay Ajayi (MIA, RB)", "pts": 180.4, "availability": 0.9333333333333333, "auction_value": 24.613454026350453, "plus_minus": 0.3646538461538462, "end_points_above_top_qtr": -3.1500000000000004, "points_above_top_qtr": -3.0409523809523815, "end_pts": 94.0, "id": "00-0031590", "beg_points_above_top_qtr": -0.3249999999999993, "relative_top_qtr_value": 0.8090653590862883, "relative_avg_value": 1.029123239833722, "weeks": 14, "beg_pts": 86.4, "beg_points_above_median": 1.4625000000000004, "beg_avg_pts": 14.4, "avg_pts": 12.885714285714286}, {"end_plus_minus": 2.7372619047619047, "relative_median_value": 1.0588595953402817,