{"_id": "2013_te", "year": 2013, "position": "te", "data": [{"end_plus_minus": 4.744002976190477, "relative_median_value": 2.0835881753312946, "end_points_above_median": 5.375000000000001, "beg_plus_minus": 9.145052083333335, "end_avg_pts": 11.675, "points_above_median": 7.086666666666667, "player": "Jimmy Graham (SEA, TE)", "pts": 204.4, "availability": 1.0, "auction_value": 86.82679368760787, "plus_minus": 6.722803724053727, "end_points_above_top_qtr": 2.9178571428571445, "points_above_top_qtr": 5.653333333333334, "end_pts": 93.4, "id": "00-0027696", "beg_points_above_top_qtr": 7.342857142857143, "relative_top_qtr_value": 1.7090301003344484, "relative_avg_value": 1.9737742159622471, "weeks": 15, "beg_pts": 111.0, "beg_points_above_median": 9.0, "beg_avg_pts": 15.857142857142858, "avg_pts": 13.626666666666667}, {"end_plus_minus": 3.8890029761904765, "relative_median_value": 1.7313573276876026, "end_points_above_median": 4.5200000000000005, "beg_plus_minus": 4.925409226190476, "end_avg_pts": 10.82, "points_above_median": 4.783076923076922, "player": "Julius Thomas (MIA, TE)", "pts": 147.2, "availability": 0.8666666666666667, "auction_value": 51.95836873305098, "plus_minus": 4.419213980463982, "end_points_above_top_qtr": 2.062857142857144, "points_above_top_qtr": 3.349743589743589, "end_pts": 54.1, "id": "00-0028067", "beg_points_above_top_qtr": 3.123214285714285, "relative_top_qtr_value": 1.4201183431952662, "relative_avg_value": 1.640107432201054, "weeks": 13, "beg_pts": 93.1, "beg_points_above_median": 4.7803571428571425, "beg_avg_pts": 11.6375, "avg_pts": 11.323076923076922}, {"end_plus_minus": 1.1690029761904759, "relative_median_value": 1.643730886850153, "end_points_above_median": 1.7999999999999998, "beg_plus_minus": 6.687909226190477, "end_avg_pts": 8.1, "points_above_median": 4.21, "player": "Vernon Davis (WAS, TE)", "pts": 150.5, "availability": 0.9333333333333333, "auction_value": 50.434556263190224, "plus_minus": 3.84613705738706, "end_points_above_top_qtr": -0.6571428571428566, "points_above_top_qtr": 2.7766666666666673, "end_pts": 56.7, "id": "00-0024221", "beg_points_above_top_qtr": 4.885714285714286, "relative_top_qtr_value": 1.3482441471571907, "relative_avg_value": 1.5570992775142483, "weeks": 14, "beg_pts": 93.8, "beg_points_above_median": 6.542857142857144, "beg_avg_pts": 13.4, "avg_pts": 10.75}, {"end_plus_minus": 6.889002976190475, "relative_median_value": 1.8173875054609, "end_points_above_median": 7.519999999999999, "beg_plus_minus": 0.3379092261904768, "end_avg_pts": 13.819999999999999, "points_above_median": 5.345714285714286, "player": "Rob Gronkowski (NE, TE)", "pts": 83.2, "availability": 0.4666666666666667, "auction_value": 30.827041886717005, "plus_minus": 4.981851343101346, "end_points_above_top_qtr": 5.062857142857142, "points_above_top_qtr": 3.9123809523809534, "end_pts": 69.1, "id": "00-0027656", "beg_points_above_top_qtr": -1.4642857142857144, "relative_top_qtr_value": 1.4906832298136647, "relative_avg_value": 1.7216034536768832, "weeks": 7, "beg_pts": 14.1, "beg_points_above_median": 0.19285714285714306, "beg_avg_pts": 7.05, "avg_pts": 11.885714285714286}, {"end_plus_minus": 1.8261458333333325, "relative_median_value": 1.219164118246687, "end_points_above_median": 2.4571428571428564, "beg_plus_minus": 0.5754092261904766, "end_avg_pts": 8.757142857142856, "points_above_median": 1.4333333333333327, "player": "Jason Witten (DAL, TE)", "pts": 119.6, "availability": 1.0, "auction_value": 29.72722294440444, "plus_minus": 1.0694703907203928, "end_points_above_top_qtr": 0.0, "points_above_top_qtr": 0.0, "end_pts": 61.3, "id": "00-0022127", "beg_points_above_top_qtr": -1.2267857142857146, "relative_top_qtr_value": 1.0, "relative_avg_value": 1.1549089835082422, "weeks": 15, "beg_pts": 58.3, "beg_points_above_median": 0.4303571428571429, "beg_avg_pts": 7.2875, "avg_pts": 7.973333333333333}, {"end_plus_minus": 0.49400297619047606, "relative_median_value": 1.0948012232415902, "end_points_above_median": 1.125, "beg_plus_minus": 0.14505208333333375, "end_avg_pts": 7.425, "points_above_median": 0.6200000000000001, "player": "Greg Olsen (CAR, TE)", "pts": 107.4, "availability": 1.0, "auction_value": 23.97179436822565, "plus_minus": 0.2561370573870603, "end_points_above_top_qtr": -1.3321428571428564, "points_above_top_qtr": -0.8133333333333326, "end_pts": 59.4, "id": "00-0025418", "beg_points_above_top_qtr": -1.6571428571428575, "relative_top_qtr_value": 0.8979933110367894, "relative_avg_value": 1.0371005420466992, "weeks": 15, "beg_pts": 48.0, "beg_points_above_median": 0.0, "beg_avg_pts": 6.857142857142857, "avg_pts": 7.16}, {"end_plus_minus": -0.8559970238095245, "relative_median_value": 1.089704383282365, "end_points_above_median": -0.22500000000000053, "beg_plus_minus": 1.6164806547619062, "end_avg_pts": 6.074999999999999, "points_above_median": 0.5866666666666669, "player": "Charles Clay (BUF, TE)", "pts": 106.9, "availability": 1.0, "auction_value": 23.749112858895987, "plus_minus": 0.22280372405372706, "end_points_above_top_qtr": -2.682142857142857, "points_above_top_qtr": -0.8466666666666658, "end_pts": 48.599999999999994, "id": "00-0028112", "beg_points_above_top_qtr": -0.18571428571428505, "relative_top_qtr_value": 0.8938127090301005, "relative_avg_value": 1.0322723272327017, "weeks": 15, "beg_pts": 58.300000000000004, "beg_points_above_median": 1.4714285714285724, "beg_avg_pts": 8.32857142857143, "avg_pts": 7.126666666666667}, {"end_plus_minus": -1.5809970238095241, "relative_median_value": 1.0438328236493375, "end_points_above_median": -0.9500000000000002, "beg_plus_minus": 1.8021949404761912, "end_avg_pts": 5.35, "points_above_median": 0.28666666666666707, "player": "Martellus Bennett (GB, TE)", "pts": 102.4, "availability": 1.0, "auction_value": 21.791739274554978, "plus_minus": -0.07719627594627276, "end_points_above_top_qtr": -3.4071428571428566, "points_above_top_qtr": -1.1466666666666656, "end_pts": 42.8, "id": "00-0026201", "beg_points_above_top_qtr": 0.0, "relative_top_qtr_value": 0.8561872909698998, "relative_avg_value": 0.9888183939067227, "weeks": 15, "beg_pts": 59.6, "beg_points_above_median": 1.6571428571428575, "beg_avg_pts": 8.514285714285714, "avg_pts": 6.826666666666667}, {"end_plus_minus": -2.130997023809524, "relative_median_value": 1.0, "end_points_above_median": -1.5, "beg_plus_minus": 1.8164806547619055, "end_avg_pts": 4.8, "points_above_median": 0.0, "player": "Antonio Gates (SD, TE)", "pts": 98.1, "availability": 1.0, "auction_value": 20.0, "plus_minus": -0.36386294261293983, "end_points_above_top_qtr": -3.9571428571428564, "points_above_top_qtr": -1.4333333333333327, "end_pts": 38.4, "id": "00-0021547", "beg_points_above_top_qtr": 0.014285714285714235, "relative_top_qtr_value": 0.8202341137123746, "relative_avg_value": 0.9472957465063426, "weeks": 15, "beg_pts": 59.7, "beg_points_above_median": 1.6714285714285717, "beg_avg_pts": 8.528571428571428, "avg_pts": 6.54}, {"end_plus_minus": -0.0024255952380949353, "relative_median_value": 0.9851463521188292, "end_points_above_median": 0.628571428571429, "beg_plus_minus": -0.7549479166666657, "end_avg_pts": 6.928571428571429, "points_above_median": -0.09714285714285698, "player": "Delanie Walker (TEN, TE)", "pts": 90.2, "availability": 0.9333333333333333, "auction_value": 18.116248921736677, "plus_minus": -0.4610057997557968, "end_points_above_top_qtr": -1.8285714285714274, "points_above_top_qtr": -1.5304761904761897, "end_pts": 48.5, "id": "00-0024389", "beg_points_above_top_qtr": -2.557142857142857, "relative_top_qtr_value": 0.8080506450071668, "relative_avg_value": 0.9332249490484066, "weeks": 14, "beg_pts": 41.7, "beg_points_above_median": -0.8999999999999995, "beg_avg_pts": 5.957142857142857, "avg_pts": 6.442857142857143}, {"end_plus_minus": -0.6309970238095239, "relative_median_value": 1.18416581719334, "end_points_above_median": 0.0, "beg_plus_minus": 1.7545758928571438, "end_avg_pts": 6.3, "points_above_median": 1.2044444444444435,