{"_id": "2013_qb", "year": 2013, "position": "qb", "data": [{"end_plus_minus": 2.924799107142853, "relative_median_value": 1.2915924185971162, "end_points_above_median": 1.9249999999999972, "beg_plus_minus": 8.941611607142859, "end_avg_pts": 19.092499999999998, "points_above_median": 4.799999999999997, "player": "Drew Brees (NO, QB)", "pts": 318.92, "availability": 1.0, "auction_value": 33.364219515550964, "plus_minus": 5.735059523809523, "end_points_above_top_qtr": 0.9382142857142846, "points_above_top_qtr": 3.354666666666663, "end_pts": 152.73999999999998, "id": "00-0020531", "beg_points_above_top_qtr": 4.942857142857147, "relative_top_qtr_value": 1.1873417721518984, "relative_avg_value": 1.3693777138138348, "weeks": 15, "beg_pts": 166.18, "beg_points_above_median": 9.420000000000002, "beg_avg_pts": 23.740000000000002, "avg_pts": 21.261333333333333}, {"end_plus_minus": 1.2972991071428552, "relative_median_value": 1.1287056536530047, "end_points_above_median": 0.29749999999999943, "beg_plus_minus": 5.055897321428569, "end_avg_pts": 17.465, "points_above_median": 2.1186666666666625, "player": "Cam Newton (CAR, QB)", "pts": 278.7, "availability": 1.0, "auction_value": 25.479529051765134, "plus_minus": 3.0537261904761888, "end_points_above_top_qtr": -0.6892857142857132, "points_above_top_qtr": 0.6733333333333285, "end_pts": 139.72, "id": "00-0027939", "beg_points_above_top_qtr": 1.057142857142857, "relative_top_qtr_value": 1.0376023827252416, "relative_avg_value": 1.196681201680408, "weeks": 15, "beg_pts": 138.98, "beg_points_above_median": 5.534285714285712, "beg_avg_pts": 19.854285714285712, "avg_pts": 18.58}, {"end_plus_minus": 0.9997991071428558, "relative_median_value": 1.0890976834602297, "end_points_above_median": 0.0, "beg_plus_minus": 3.998754464285712, "end_avg_pts": 17.1675, "points_above_median": 1.4666666666666615, "player": "Andrew Luck (IND, QB)", "pts": 268.91999999999996, "availability": 1.0, "auction_value": 23.722675282368776, "plus_minus": 2.4017261904761877, "end_points_above_top_qtr": -0.9867857142857126, "points_above_top_qtr": 0.02133333333332743, "end_pts": 137.34, "id": "00-0029668", "beg_points_above_top_qtr": 0.0, "relative_top_qtr_value": 1.0011913626209974, "relative_avg_value": 1.1546878678001267, "weeks": 15, "beg_pts": 131.57999999999998, "beg_points_above_median": 4.477142857142855, "beg_avg_pts": 18.797142857142855, "avg_pts": 17.927999999999997}, {"end_plus_minus": 1.6951562499999966, "relative_median_value": 1.087801717155354, "end_points_above_median": 0.6953571428571408, "beg_plus_minus": 3.1466116071428534, "end_avg_pts": 17.86285714285714, "points_above_median": 1.445333333333334, "player": "Andy Dalton (CIN, QB)", "pts": 268.6, "availability": 1.0, "auction_value": 23.666251516922735, "plus_minus": 2.3803928571428603, "end_points_above_top_qtr": -0.2914285714285718, "points_above_top_qtr": 0.0, "end_pts": 125.03999999999999, "id": "00-0027973", "beg_points_above_top_qtr": -0.8521428571428586, "relative_top_qtr_value": 1.0, "relative_avg_value": 1.1533138527856392, "weeks": 15, "beg_pts": 143.55999999999997, "beg_points_above_median": 3.6249999999999964, "beg_avg_pts": 17.944999999999997, "avg_pts": 17.90666666666667}, {"end_plus_minus": 9.89515625, "relative_median_value": 1.2155758950267292, "end_points_above_median": 8.895357142857144, "beg_plus_minus": -3.2623883928571455, "end_avg_pts": 26.062857142857144, "points_above_median": 3.5486666666666657, "player": "Nick Foles (PHI, QB)", "pts": 240.12, "availability": 0.8, "auction_value": 23.64199610512054, "plus_minus": 4.483726190476192, "end_points_above_top_qtr": 7.908571428571431, "points_above_top_qtr": 2.1033333333333317, "end_pts": 182.44, "id": "00-0029567", "beg_points_above_top_qtr": -7.261142857142858, "relative_top_qtr_value": 1.1174609084139984, "relative_avg_value": 1.288783145620289, "weeks": 12, "beg_pts": 57.67999999999999, "beg_points_above_median": -2.7840000000000025, "beg_avg_pts": 11.535999999999998, "avg_pts": 20.01}, {"end_plus_minus": 0.14229910714285765, "relative_median_value": 1.0856147740158757, "end_points_above_median": -0.8574999999999982, "beg_plus_minus": 4.85589732142857, "end_avg_pts": 16.310000000000002, "points_above_median": 1.4093333333333362, "player": "Philip Rivers (SD, QB)", "pts": 268.06000000000006, "availability": 1.0, "auction_value": 23.571188751230817, "plus_minus": 2.3443928571428625, "end_points_above_top_qtr": -1.8442857142857108, "points_above_top_qtr": -0.03599999999999781, "end_pts": 130.48000000000002, "id": "00-0022942", "beg_points_above_top_qtr": 0.8571428571428577, "relative_top_qtr_value": 0.9979895755770664, "relative_avg_value": 1.1509952024486914, "weeks": 15, "beg_pts": 137.57999999999998, "beg_points_above_median": 5.334285714285713, "beg_avg_pts": 19.654285714285713, "avg_pts": 17.870666666666672}, {"end_plus_minus": -2.607700892857144, "relative_median_value": 1.0635023489389273, "end_points_above_median": -3.6075, "beg_plus_minus": 6.1616116071428575, "end_avg_pts": 13.56, "points_above_median": 1.0453333333333283, "player": "Matthew Stafford (DET, QB)", "pts": 262.59999999999997, "availability": 1.0, "auction_value": 22.620744923972318, "plus_minus": 1.9803928571428546, "end_points_above_top_qtr": -4.5942857142857125, "points_above_top_qtr": -0.4000000000000057, "end_pts": 94.92, "id": "00-0026498", "beg_points_above_top_qtr": 2.1628571428571455, "relative_top_qtr_value": 0.9776619508562916, "relative_avg_value": 1.127551071263994, "weeks": 15, "beg_pts": 167.68, "beg_points_above_median": 6.640000000000001, "beg_avg_pts": 20.96, "avg_pts": 17.506666666666664}, {"end_plus_minus": 1.8865848214285705, "relative_median_value": 1.0505426858901667, "end_points_above_median": 0.8867857142857147, "beg_plus_minus": 1.829111607142858, "end_avg_pts": 18.054285714285715, "points_above_median": 0.8319999999999972, "player": "Russell Wilson (SEA, QB)", "pts": 259.4, "availability": 1.0, "auction_value": 22.07279869754651, "plus_minus": 1.7670595238095235, "end_points_above_top_qtr": -0.09999999999999787, "points_above_top_qtr": -0.6133333333333368, "end_pts": 126.38, "id": "00-0029263", "beg_points_above_top_qtr": -2.169642857142854, "relative_top_qtr_value": 0.965748324646314, "relative_avg_value": 1.1138109211191167, "weeks": 15, "beg_pts": 133.02, "beg_points_above_median": 2.307500000000001, "beg_avg_pts": 16.6275, "avg_pts": 17.293333333333333}, {"end_plus_minus": 1.2980133928571433, "relative_median_value": 1.0268913008261784, "end_points_above_median": 0.29821428571428754, "beg_plus_minus": 1.6141116071428545, "end_avg_pts": 17.465714285714288, "points_above_median": 0.4426666666666641, "player": "Alex Smith (KC, QB)", "pts": 253.56, "availability": 1.0, "auction_value": 21.090114874249615, "plus_minus": 1.3777261904761904, "end_points_above_top_qtr": -0.6885714285714251, "points_above_top_qtr": -1.00266666666667, "end_pts": 122.26, "id": "00-0023436", "beg_points_above_top_qtr": -2.3846428571428575, "relative_top_qtr_value": 0.9440059568131048, "relative_avg_value": 1.0887351471047158, "weeks": 15, "beg_pts": 131.29999999999998, "beg_points_above_median": 2.0924999999999976, "beg_avg_pts": 16.412499999999998, "avg_pts": 16.904}, {"end_plus_minus": 2.9222991071428517, "relative_median_value": 1.0, "end_points_above_median": 1.9224999999999959, "beg_plus_minus": -1.341245535714286, "end_avg_pts": 19.089999999999996, "points_above_median": 0.0, "player": "Ben Roethlisberger (PIT, QB)", "pts": 246.92000000000002, "availability": 1.0, "auction_value": 20.0, "plus_minus": 0.9350595238095263, "end_points_above_top_qtr": 0.9357142857142833, "points_above_top_qtr": -1.445333333333334, "end_pts": 152.71999999999997, "id": "00-0022924", "beg_points_above_top_qtr": -5.339999999999998, "relative_top_qtr_value": 0.9192851824274013, "relative_avg_value": 1.0602243355540955, "weeks": 15, "beg_pts": 94.2, "beg_points_above_median": -0.862857142857143, "beg_avg_pts": 13.457142857142857,