{"_id": "2013_rb", "year": 2013, "position": "rb", "data": [{"end_plus_minus": 13.812559523809524, "relative_median_value": 1.9342105263157898, "end_points_above_median": 12.185714285714285, "beg_plus_minus": 8.96341666666667, "end_avg_pts": 23.271428571428572, "points_above_median": 9.940000000000003, "player": "Jamaal Charles (DEN, RB)", "pts": 308.70000000000005, "availability": 1.0, "auction_value": 93.52925900277012, "plus_minus": 10.813886752136755, "end_points_above_top_qtr": 9.008928571428573, "points_above_top_qtr": 6.030000000000003, "end_pts": 162.9, "id": "00-0026213", "beg_points_above_top_qtr": 4.5500000000000025, "relative_top_qtr_value": 1.414432989690722, "relative_avg_value": 2.1072866428722556, "weeks": 15, "beg_pts": 145.8, "beg_points_above_median": 8.482142857142858, "beg_avg_pts": 18.225, "avg_pts": 20.580000000000002}, {"end_plus_minus": 10.755416666666667, "relative_median_value": 1.6246867167919803, "end_points_above_median": 9.128571428571428, "beg_plus_minus": 5.463416666666669, "end_avg_pts": 20.214285714285715, "points_above_median": 6.64666666666667, "player": "LeSean McCoy (BUF, RB)", "pts": 259.3, "availability": 1.0, "auction_value": 65.9901731930076, "plus_minus": 7.520553418803422, "end_points_above_top_qtr": 5.951785714285716, "points_above_top_qtr": 2.73666666666667, "end_pts": 141.5, "id": "00-0027029", "beg_points_above_top_qtr": 1.0500000000000007, "relative_top_qtr_value": 1.1880870561282935, "relative_avg_value": 1.7700661694097048, "weeks": 15, "beg_pts": 117.8, "beg_points_above_median": 4.982142857142856, "beg_avg_pts": 14.725, "avg_pts": 17.28666666666667}, {"end_plus_minus": 4.803630952380951, "relative_median_value": 1.4260651629072685, "end_points_above_median": 3.176785714285712, "beg_plus_minus": 6.952702380952385, "end_avg_pts": 14.2625, "points_above_median": 4.533333333333335, "player": "Matt Forte (NYJ, RB)", "pts": 227.6, "availability": 1.0, "auction_value": 50.84154622144336, "plus_minus": 5.407220085470087, "end_points_above_top_qtr": 0.0, "points_above_top_qtr": 0.6233333333333348, "end_pts": 114.1, "id": "00-0026184", "beg_points_above_top_qtr": 2.5392857142857164, "relative_top_qtr_value": 1.0428407789232532, "relative_avg_value": 1.5536716550622784, "weeks": 15, "beg_pts": 113.5, "beg_points_above_median": 6.4714285714285715, "beg_avg_pts": 16.214285714285715, "avg_pts": 15.173333333333334}, {"end_plus_minus": 5.541130952380952, "relative_median_value": 1.3984962406015038, "end_points_above_median": 3.914285714285713, "beg_plus_minus": 5.513416666666668, "end_avg_pts": 15.0, "points_above_median": 4.24, "player": "Marshawn Lynch (OAK, RB)", "pts": 223.2, "availability": 1.0, "auction_value": 48.89479337441348, "plus_minus": 5.113886752136752, "end_points_above_top_qtr": 0.7375000000000007, "points_above_top_qtr": 0.33000000000000007, "end_pts": 105.0, "id": "00-0025399", "beg_points_above_top_qtr": 1.0999999999999996, "relative_top_qtr_value": 1.022680412371134, "relative_avg_value": 1.5236358234178404, "weeks": 15, "beg_pts": 118.19999999999999, "beg_points_above_median": 5.032142857142855, "beg_avg_pts": 14.774999999999999, "avg_pts": 14.879999999999999}, {"end_plus_minus": 7.855416666666665, "relative_median_value": 1.432909196067091, "end_points_above_median": 6.228571428571426, "beg_plus_minus": 3.5717500000000033, "end_avg_pts": 17.314285714285713, "points_above_median": 4.606153846153848, "player": "DeMarco Murray (TEN, RB)", "pts": 198.20000000000002, "availability": 0.8666666666666667, "auction_value": 44.48662322376214, "plus_minus": 5.4800405982906, "end_points_above_top_qtr": 3.051785714285714, "points_above_top_qtr": 0.6961538461538481, "end_pts": 121.2, "id": "00-0028009", "beg_points_above_top_qtr": -0.841666666666665, "relative_top_qtr_value": 1.0478456251652128, "relative_avg_value": 1.5611281027782054, "weeks": 13, "beg_pts": 77.0, "beg_points_above_median": 3.09047619047619, "beg_avg_pts": 12.833333333333334, "avg_pts": 15.246153846153847}, {"end_plus_minus": 4.2839880952380955, "relative_median_value": 1.3674812030075187, "end_points_above_median": 2.6571428571428566, "beg_plus_minus": 6.095559523809527, "end_avg_pts": 13.742857142857144, "points_above_median": 3.91, "player": "Adrian Peterson (NO, RB)", "pts": 203.7, "availability": 0.9333333333333333, "auction_value": 43.63344628017412, "plus_minus": 4.783886752136752, "end_points_above_top_qtr": -0.5196428571428555, "points_above_top_qtr": 0.0, "end_pts": 96.2, "id": "00-0025394", "beg_points_above_top_qtr": 1.6821428571428587, "relative_top_qtr_value": 1.0, "relative_avg_value": 1.489845512817848, "weeks": 14, "beg_pts": 107.5, "beg_points_above_median": 5.614285714285714, "beg_avg_pts": 15.357142857142858, "avg_pts": 14.549999999999999}, {"end_plus_minus": 6.166130952380952, "relative_median_value": 1.2983351235230935, "end_points_above_median": 4.539285714285713, "beg_plus_minus": 2.1384166666666697, "end_avg_pts": 15.625, "points_above_median": 3.1742857142857144, "player": "Eddie Lacy (SEA, RB)", "pts": 193.39999999999998, "availability": 0.9333333333333333, "auction_value": 39.33239550272029, "plus_minus": 4.048172466422466, "end_points_above_top_qtr": 1.3625000000000007, "points_above_top_qtr": -0.7357142857142858, "end_pts": 125.0, "id": "00-0030485", "beg_points_above_top_qtr": -2.2749999999999986, "relative_top_qtr_value": 0.9494354442808051, "relative_avg_value": 1.4145121363719775, "weeks": 14, "beg_pts": 68.4, "beg_points_above_median": 1.6571428571428566, "beg_avg_pts": 11.4, "avg_pts": 13.814285714285713}, {"end_plus_minus": 4.228630952380952, "relative_median_value": 1.2257205513784462, "end_points_above_median": 2.601785714285713, "beg_plus_minus": 2.4884166666666694, "end_avg_pts": 13.6875, "points_above_median": 2.4016666666666673, "player": "Le'Veon Bell (PIT, RB)", "pts": 156.5, "availability": 0.8, "auction_value": 30.047817401429644, "plus_minus": 3.275553418803419, "end_points_above_top_qtr": -0.5749999999999993, "points_above_top_qtr": -1.5083333333333329, "end_pts": 109.5, "id": "00-0030496", "beg_points_above_top_qtr": -1.924999999999999, "relative_top_qtr_value": 0.8963344788087056, "relative_avg_value": 1.3353999012370745, "weeks": 12, "beg_pts": 47.0, "beg_points_above_median": 2.0071428571428562, "beg_avg_pts": 11.75, "avg_pts": 13.041666666666666}, {"end_plus_minus": -0.30172619047619165, "relative_median_value": 1.087092731829574, "end_points_above_median": -1.9285714285714306, "beg_plus_minus": 4.413416666666668, "end_avg_pts": 9.157142857142857, "points_above_median": 0.9266666666666676, "player": "Frank Gore (IND, RB)", "pts": 173.5, "availability": 1.0, "auction_value": 29.54426518991715, "plus_minus": 1.8005534188034193, "end_points_above_top_qtr": -5.105357142857143, "points_above_top_qtr": -2.9833333333333325, "end_pts": 64.1, "id": "00-0023500", "beg_points_above_top_qtr": 0.0, "relative_top_qtr_value": 0.7949599083619703, "relative_avg_value": 1.184367452343169, "weeks": 15, "beg_pts": 109.39999999999999, "beg_points_above_median": 3.932142857142855, "beg_avg_pts": 13.674999999999999, "avg_pts": 11.566666666666666}, {"end_plus_minus": 4.003630952380952, "relative_median_value": 1.0582706766917294, "end_points_above_median": 2.376785714285713, "beg_plus_minus": -0.5187261904761868, "end_avg_pts": 13.4625, "points_above_median": 0.620000000000001, "player": "Ryan Mathews (PHI, RB)", "pts": 168.9, "availability": 1.0, "auction_value": 27.99842062863927, "plus_minus": 1.4938867521367527, "end_points_above_top_qtr": -0.7999999999999989, "points_above_top_qtr": -3.289999999999999, "end_pts": 107.7, "id": "00-0027864", "beg_points_above_top_qtr": -4.932142857142855, "relative_top_qtr_value": 0.7738831615120275, "relative_avg_value": 1.1529663556239842, "weeks": 15, "beg_pts": 61.2, "beg_points_above_median": -1.0, "beg_avg_pts": 8.742857142857144, "avg_pts": 11.26}, {"end_plus_minus": 0.8286309523809514, "relative_median_value": 1.0213032581453636,