{"_id": "2016_te", "year": 2016, "position": "te", "data": [{"end_plus_minus": 3.511361607142857, "relative_median_value": 1.2984393757502999, "end_points_above_median": 2.9174999999999995, "beg_plus_minus": 1.302626488095239, "end_avg_pts": 9.9375, "points_above_median": 2.0716666666666654, "player": "Travis Kelce (KC, TE)", "pts": 135.2, "availability": 1.0, "auction_value": 33.718896249976574, "plus_minus": 2.3034935897435878, "end_points_above_top_qtr": 1.2541666666666664, "points_above_top_qtr": 0.8066666666666649, "end_pts": 79.5, "id": "00-0030506", "beg_points_above_top_qtr": -0.14285714285714413, "relative_top_qtr_value": 1.0982940698619006, "relative_avg_value": 1.3433008354550098, "weeks": 15, "beg_pts": 55.7, "beg_points_above_median": 0.9771428571428578, "beg_avg_pts": 7.957142857142857, "avg_pts": 9.013333333333332}, {"end_plus_minus": 2.259575892857142, "relative_median_value": 1.2306636940490483, "end_points_above_median": 1.6657142857142846, "beg_plus_minus": 1.745483630952382, "end_avg_pts": 8.685714285714285, "points_above_median": 1.6011904761904763, "player": "Delanie Walker (TEN, TE)", "pts": 119.6, "availability": 0.9333333333333333, "auction_value": 28.27128505320839, "plus_minus": 1.8330173992673986, "end_points_above_top_qtr": 0.0023809523809514843, "points_above_top_qtr": 0.3361904761904757, "end_pts": 60.8, "id": "00-0024389", "beg_points_above_top_qtr": 0.29999999999999893, "relative_top_qtr_value": 1.0409655332482302, "relative_avg_value": 1.273183484153787, "weeks": 14, "beg_pts": 58.8, "beg_points_above_median": 1.4200000000000008, "beg_avg_pts": 8.4, "avg_pts": 8.542857142857143}, {"end_plus_minus": -0.30113839285714317, "relative_median_value": 1.182232893157263, "end_points_above_median": -0.8950000000000005, "beg_plus_minus": 3.931197916666667, "end_avg_pts": 6.125, "points_above_median": 1.2650000000000006, "player": "Greg Olsen (CAR, TE)", "pts": 123.1, "availability": 1.0, "auction_value": 27.95349227325985, "plus_minus": 1.4968269230769229, "end_points_above_top_qtr": -2.5583333333333336, "points_above_top_qtr": 0.0, "end_pts": 49.0, "id": "00-0025418", "beg_points_above_top_qtr": 2.485714285714284, "relative_top_qtr_value": 1.0, "relative_avg_value": 1.2230793849446135, "weeks": 15, "beg_pts": 74.1, "beg_points_above_median": 3.605714285714286, "beg_avg_pts": 10.585714285714285, "avg_pts": 8.206666666666667}, {"end_plus_minus": 2.286361607142857, "relative_median_value": 1.1322929171668668, "end_points_above_median": 1.6925, "beg_plus_minus": 0.23119791666666778, "end_avg_pts": 8.7125, "points_above_median": 0.9183333333333339, "player": "Jimmy Graham (SEA, TE)", "pts": 117.9, "availability": 1.0, "auction_value": 25.64174500532506, "plus_minus": 1.1501602564102562, "end_points_above_top_qtr": 0.029166666666666785, "points_above_top_qtr": -0.3466666666666667, "end_pts": 69.7, "id": "00-0027696", "beg_points_above_top_qtr": -1.2142857142857153, "relative_top_qtr_value": 0.9577579203899269, "relative_avg_value": 1.1714139681963438, "weeks": 15, "beg_pts": 48.2, "beg_points_above_median": -0.09428571428571342, "beg_avg_pts": 6.885714285714286, "avg_pts": 7.86}, {"end_plus_minus": 2.473861607142857, "relative_median_value": 1.0948379351740696, "end_points_above_median": 1.88, "beg_plus_minus": -0.5402306547619045, "end_avg_pts": 8.9, "points_above_median": 0.6583333333333332, "player": "Cameron Brate (TB, TE)", "pts": 114.0, "availability": 1.0, "auction_value": 23.973402085924405, "plus_minus": 0.8901602564102555, "end_points_above_top_qtr": 0.21666666666666679, "points_above_top_qtr": -0.6066666666666674, "end_pts": 71.2, "id": "00-0031273", "beg_points_above_top_qtr": -1.9857142857142875, "relative_top_qtr_value": 0.926076360682372, "relative_avg_value": 1.1326649056351414, "weeks": 15, "beg_pts": 42.8, "beg_points_above_median": -0.8657142857142857, "beg_avg_pts": 6.114285714285714, "avg_pts": 7.6}, {"end_plus_minus": 0.5938616071428573, "relative_median_value": 1.2388955582232892, "end_points_above_median": 0.0, "beg_plus_minus": 3.2621502976190477, "end_avg_pts": 7.0200000000000005, "points_above_median": 1.6583333333333332, "player": "Jordan Reed (WAS, TE)", "pts": 94.6, "availability": 0.7333333333333333, "auction_value": 22.511312328052465, "plus_minus": 1.8901602564102555, "end_points_above_top_qtr": -1.663333333333333, "points_above_top_qtr": 0.39333333333333265, "end_pts": 35.1, "id": "00-0030472", "beg_points_above_top_qtr": 1.8166666666666647, "relative_top_qtr_value": 1.0479285134037366, "relative_avg_value": 1.2816997616397654, "weeks": 11, "beg_pts": 59.5, "beg_points_above_median": 2.9366666666666665, "beg_avg_pts": 9.916666666666666, "avg_pts": 8.6}, {"end_plus_minus": 0.836361607142857, "relative_median_value": 1.0400960384153661, "end_points_above_median": 0.24249999999999972, "beg_plus_minus": 0.5169122023809534, "end_avg_pts": 7.2625, "points_above_median": 0.2783333333333333, "player": "Kyle Rudolph (MIN, TE)", "pts": 108.3, "availability": 1.0, "auction_value": 21.635995382546778, "plus_minus": 0.5101602564102556, "end_points_above_top_qtr": -1.4208333333333334, "points_above_top_qtr": -0.9866666666666672, "end_pts": 58.1, "id": "00-0027981", "beg_points_above_top_qtr": -0.9285714285714297, "relative_top_qtr_value": 0.8797725426482534, "relative_avg_value": 1.0760316603533844, "weeks": 15, "beg_pts": 50.2, "beg_points_above_median": 0.19142857142857217, "beg_avg_pts": 7.171428571428572, "avg_pts": 7.22}, {"end_plus_minus": -0.854709821428572, "relative_median_value": 0.9968787515006002, "end_points_above_median": -1.4485714285714293, "beg_plus_minus": 1.445483630952383, "end_avg_pts": 5.571428571428571, "points_above_median": -0.0216666666666665, "player": "Martellus Bennett (GB, TE)", "pts": 103.8, "availability": 1.0, "auction_value": 19.87534490386791, "plus_minus": 0.21016025641025582, "end_points_above_top_qtr": -3.1119047619047624, "points_above_top_qtr": -1.286666666666667, "end_pts": 39.0, "id": "00-0026201", "beg_points_above_top_qtr": 0.0, "relative_top_qtr_value": 0.843216896831844, "relative_avg_value": 1.0313212035519974, "weeks": 15, "beg_pts": 64.80000000000001, "beg_points_above_median": 1.1200000000000019, "beg_avg_pts": 8.100000000000001, "avg_pts": 6.92}, {"end_plus_minus": -3.6261383928571433, "relative_median_value": 1.2965186074429773, "end_points_above_median": -4.220000000000001, "beg_plus_minus": 4.41215029761905, "end_avg_pts": 2.8, "points_above_median": 2.0583333333333336, "player": "Rob Gronkowski (NE, TE)", "pts": 72.0, "availability": 0.5333333333333333, "auction_value": 17.93024532742269, "plus_minus": 2.290160256410256, "end_points_above_top_qtr": -5.883333333333334, "points_above_top_qtr": 0.793333333333333, "end_pts": 5.6, "id": "00-0027656", "beg_points_above_top_qtr": 2.966666666666667, "relative_top_qtr_value": 1.0966693744922826, "relative_avg_value": 1.341313704041615, "weeks": 8, "beg_pts": 66.4, "beg_points_above_median": 4.086666666666669, "beg_avg_pts": 11.066666666666668, "avg_pts": 9.0}, {"end_plus_minus": 2.2571949404761904, "relative_median_value": 1.0, "end_points_above_median": 1.663333333333333, "beg_plus_minus": -1.4545163690476182, "end_avg_pts": 8.683333333333334, "points_above_median": 0.0, "player": "Antonio Gates (SD, TE)", "pts": 83.3, "availability": 0.8, "auction_value": 16.0, "plus_minus": 0.23182692307692232, "end_points_above_top_qtr": 0.0, "points_above_top_qtr": -1.2650000000000006, "end_pts": 52.1, "id": "00-0021547", "beg_points_above_top_qtr": -2.9000000000000012, "relative_top_qtr_value": 0.8458570268074735, "relative_avg_value": 1.0345502920987641, "weeks": 12, "beg_pts": 31.200000000000003, "beg_points_above_median": -1.7799999999999994, "beg_avg_pts": 5.2, "avg_pts": 6.941666666666666}, {"end_plus_minus": 1.2238616071428572, "relative_median_value": 1.045858343337335, "end_points_above_median": 0.6299999999999999, "beg_plus_minus": 0.5079836309523813, "end_avg_pts": 7.65, "points_above_median": 0.31833333333333336,