{"_id": "2016_qb", "year": 2016, "position": "qb", "data": [{"end_plus_minus": 7.842849702380953, "relative_median_value": 1.3178994082840236, "end_points_above_median": 8.383571428571432, "beg_plus_minus": 2.782522321428573, "end_avg_pts": 27.355, "points_above_median": 5.730666666666668, "player": "Cam Newton (CAR, QB)", "pts": 356.36, "availability": 1.0, "auction_value": 34.73717700710759, "plus_minus": 5.514617590742592, "end_points_above_top_qtr": 6.202500000000001, "points_above_top_qtr": 3.0533333333333346, "end_pts": 218.84, "id": "00-0027939", "beg_points_above_top_qtr": -0.5371428571428538, "relative_top_qtr_value": 1.1474755280783102, "relative_avg_value": 1.3022914827241305, "weeks": 15, "beg_pts": 137.52, "beg_points_above_median": 1.5428571428571445, "beg_avg_pts": 19.645714285714288, "avg_pts": 23.757333333333335}, {"end_plus_minus": -0.5071502976190452, "relative_median_value": 1.2516272189349111, "end_points_above_median": 0.03357142857143458, "beg_plus_minus": 9.765379464285715, "end_avg_pts": 19.005000000000003, "points_above_median": 4.535999999999998, "player": "Tom Brady (NE, QB)", "pts": 338.44, "availability": 1.0, "auction_value": 31.3314139035748, "plus_minus": 4.319950924075922, "end_points_above_top_qtr": -2.1474999999999973, "points_above_top_qtr": 1.8586666666666645, "end_pts": 152.04000000000002, "id": "00-0019596", "beg_points_above_top_qtr": 6.445714285714288, "relative_top_qtr_value": 1.0897733127253992, "relative_avg_value": 1.2368041570691286, "weeks": 15, "beg_pts": 186.4, "beg_points_above_median": 8.525714285714287, "beg_avg_pts": 26.62857142857143, "avg_pts": 22.562666666666665}, {"end_plus_minus": 7.596421130952379, "relative_median_value": 1.165310650887574, "end_points_above_median": 8.137142857142859, "beg_plus_minus": -1.1956919642857144, "end_avg_pts": 27.108571428571427, "points_above_median": 2.9800000000000004, "player": "Russell Wilson (SEA, QB)", "pts": 315.1, "availability": 1.0, "auction_value": 27.158978261440424, "plus_minus": 2.7639509240759246, "end_points_above_top_qtr": 5.956071428571427, "points_above_top_qtr": 0.3026666666666671, "end_pts": 189.76, "id": "00-0029263", "beg_points_above_top_qtr": -4.515357142857141, "relative_top_qtr_value": 1.0146187532199897, "relative_avg_value": 1.1515098389448128, "weeks": 15, "beg_pts": 125.34, "beg_points_above_median": -2.4353571428571428, "beg_avg_pts": 15.6675, "avg_pts": 21.006666666666668}, {"end_plus_minus": 2.922849702380951, "relative_median_value": 1.1485207100591717, "end_points_above_median": 3.4635714285714307, "beg_plus_minus": 1.862522321428571, "end_avg_pts": 22.435, "points_above_median": 2.6773333333333333, "player": "Blake Bortles (JAC, QB)", "pts": 310.56, "availability": 1.0, "auction_value": 26.38199642869648, "plus_minus": 2.4612842574092575, "end_points_above_top_qtr": 1.2824999999999989, "points_above_top_qtr": 0.0, "end_pts": 179.48, "id": "00-0031407", "beg_points_above_top_qtr": -1.4571428571428555, "relative_top_qtr_value": 1.0, "relative_avg_value": 1.134918741931771, "weeks": 15, "beg_pts": 131.08, "beg_points_above_median": 0.6228571428571428, "beg_avg_pts": 18.725714285714286, "avg_pts": 20.704}, {"end_plus_minus": 0.03642113095238031, "relative_median_value": 1.1171597633136094, "end_points_above_median": 0.5771428571428601, "beg_plus_minus": 3.7918080357142863, "end_avg_pts": 19.548571428571428, "points_above_median": 2.1119999999999983, "player": "Carson Palmer (ARI, QB)", "pts": 302.08, "availability": 1.0, "auction_value": 24.960918735338396, "plus_minus": 1.8959509240759225, "end_points_above_top_qtr": -1.6039285714285718, "points_above_top_qtr": -0.565333333333335, "end_pts": 136.84, "id": "00-0021429", "beg_points_above_top_qtr": 0.47214285714285964, "relative_top_qtr_value": 0.9726944873776403, "relative_avg_value": 1.1039292038986004, "weeks": 15, "beg_pts": 165.24, "beg_points_above_median": 2.552142857142858, "beg_avg_pts": 20.655, "avg_pts": 20.138666666666666}, {"end_plus_minus": 1.7478497023809538, "relative_median_value": 1.14948753169907, "end_points_above_median": 2.2885714285714336, "beg_plus_minus": 3.3196651785714266, "end_avg_pts": 21.26, "points_above_median": 2.6947619047619007, "player": "Drew Brees (NO, QB)", "pts": 290.09999999999997, "availability": 0.9333333333333333, "auction_value": 24.66466959659025, "plus_minus": 2.478712828837825, "end_points_above_top_qtr": 0.1075000000000017, "points_above_top_qtr": 0.017428571428567352, "end_pts": 148.82000000000002, "id": "00-0020531", "beg_points_above_top_qtr": 0.0, "relative_top_qtr_value": 1.0008417973062484, "relative_avg_value": 1.13587411347154, "weeks": 14, "beg_pts": 141.28, "beg_points_above_median": 2.0799999999999983, "beg_avg_pts": 20.18285714285714, "avg_pts": 20.721428571428568}, {"end_plus_minus": -1.4396502976190462, "relative_median_value": 1.0369822485207099, "end_points_above_median": -0.8989285714285664, "beg_plus_minus": 2.5396651785714255, "end_avg_pts": 18.0725, "points_above_median": 0.6666666666666643, "player": "Aaron Rodgers (GB, QB)", "pts": 280.4, "availability": 1.0, "auction_value": 21.506643674941344, "plus_minus": 0.45061759074258845, "end_points_above_top_qtr": -3.0799999999999983, "points_above_top_qtr": -2.010666666666669, "end_pts": 144.58, "id": "00-0023459", "beg_points_above_top_qtr": -0.7800000000000011, "relative_top_qtr_value": 0.9028851107676454, "relative_avg_value": 1.024701234021344, "weeks": 15, "beg_pts": 135.82, "beg_points_above_median": 1.2999999999999972, "beg_avg_pts": 19.40285714285714, "avg_pts": 18.69333333333333}, {"end_plus_minus": 1.4428497023809541, "relative_median_value": 1.0161242603550298, "end_points_above_median": 1.9835714285714339, "beg_plus_minus": -1.5603348214285706, "end_avg_pts": 20.955000000000002, "points_above_median": 0.2906666666666702, "player": "Ryan Fitzpatrick (TB, QB)", "pts": 274.76000000000005, "availability": 1.0, "auction_value": 20.65017024964113, "plus_minus": 0.07461759074259433, "end_points_above_top_qtr": -0.197499999999998, "points_above_top_qtr": -2.386666666666663, "end_pts": 167.64000000000001, "id": "00-0023682", "beg_points_above_top_qtr": -4.879999999999997, "relative_top_qtr_value": 0.8847243688820198, "relative_avg_value": 1.004090267687962, "weeks": 15, "beg_pts": 107.12, "beg_points_above_median": -2.799999999999999, "beg_avg_pts": 15.302857142857144, "avg_pts": 18.317333333333337}, {"end_plus_minus": 1.6403497023809521, "relative_median_value": 1.0, "end_points_above_median": 2.181071428571432, "beg_plus_minus": -2.4089062499999994, "end_avg_pts": 21.1525, "points_above_median": 0.0, "player": "Kirk Cousins (WAS, QB)", "pts": 270.40000000000003, "availability": 1.0, "auction_value": 20.0, "plus_minus": -0.21604907592407585, "end_points_above_top_qtr": 0.0, "points_above_top_qtr": -2.6773333333333333, "end_pts": 169.22, "id": "00-0029604", "beg_points_above_top_qtr": -5.728571428571426, "relative_top_qtr_value": 0.8706852138073158, "relative_avg_value": 0.9881569674727939, "weeks": 15, "beg_pts": 101.18, "beg_points_above_median": -3.6485714285714277, "beg_avg_pts": 14.454285714285716, "avg_pts": 18.026666666666667}, {"end_plus_minus": -2.137864583333336, "relative_median_value": 0.9981508875739646, "end_points_above_median": -1.597142857142856, "beg_plus_minus": 1.6718080357142888, "end_avg_pts": 17.374285714285712, "points_above_median": -0.03333333333333144, "player": "Eli Manning (NYG, QB)", "pts": 269.90000000000003, "availability": 1.0, "auction_value": 19.92610388729387, "plus_minus": -0.2493824092574073, "end_points_above_top_qtr": -3.778214285714288, "points_above_top_qtr": -2.710666666666665, "end_pts": 121.61999999999999, "id": "00-0022803", "beg_points_above_top_qtr": -1.6478571428571378, "relative_top_qtr_value": 0.8690752189592994, "relative_avg_value": 0.9863297541453666, "weeks": 15, "beg_pts": 148.28000000000003, "beg_points_above_median": 0.4321428571428605, "beg_avg_pts": 18.535000000000004,