{"_id": "2016_te", "year": 2016, "position": "te", "data": [{"end_plus_minus": 3.638660714285715, "relative_median_value": 1.8329509906152242, "end_points_above_median": 3.7857142857142847, "beg_plus_minus": 6.443043154761905, "end_avg_pts": 9.6, "points_above_median": 5.187012987012987, "player": "Rob Gronkowski (NE, TE)", "pts": 159.8, "availability": 0.9333333333333333, "auction_value": 42.067984003691876, "plus_minus": 5.034804154179154, "end_points_above_top_qtr": 1.1400000000000006, "points_above_top_qtr": 2.5999999999999996, "end_pts": 67.2, "id": "00-0027656", "beg_points_above_top_qtr": 3.8285714285714274, "relative_top_qtr_value": 1.2949756888168558, "relative_avg_value": 1.789218388162416, "weeks": 14, "beg_pts": 92.6, "beg_points_above_median": 6.545238095238094, "beg_avg_pts": 13.228571428571428, "avg_pts": 11.414285714285715}, {"end_plus_minus": 5.0011607142857155, "relative_median_value": 1.6638966872543512, "end_points_above_median": 5.148214285714285, "beg_plus_minus": 2.6144717261904775, "end_avg_pts": 10.9625, "points_above_median": 4.134265734265733, "player": "Jordan Reed (WAS, TE)", "pts": 134.7, "availability": 0.8666666666666667, "auction_value": 26.525833129025337, "plus_minus": 3.9820569014319, "end_points_above_top_qtr": 2.5025000000000013, "points_above_top_qtr": 1.5472527472527453, "end_pts": 87.7, "id": "00-0030472", "beg_points_above_top_qtr": 0.0, "relative_top_qtr_value": 1.1755392095748658, "relative_avg_value": 1.624197572155908, "weeks": 13, "beg_pts": 47.0, "beg_points_above_median": 2.716666666666667, "beg_avg_pts": 9.4, "avg_pts": 10.36153846153846}, {"end_plus_minus": 2.663660714285715, "relative_median_value": 1.4645255474452556, "end_points_above_median": 2.810714285714285, "beg_plus_minus": 2.900186011904762, "end_avg_pts": 8.625, "points_above_median": 2.8927272727272735, "player": "Greg Olsen (CAR, TE)", "pts": 136.8, "availability": 1.0, "auction_value": 18.36958392689562, "plus_minus": 2.7405184398934406, "end_points_above_top_qtr": 0.16500000000000092, "points_above_top_qtr": 0.30571428571428605, "end_pts": 69.0, "id": "00-0025418", "beg_points_above_top_qtr": 0.2857142857142847, "relative_top_qtr_value": 1.0346839546191249, "relative_avg_value": 1.4295832528196326, "weeks": 15, "beg_pts": 67.8, "beg_points_above_median": 3.0023809523809515, "beg_avg_pts": 9.685714285714285, "avg_pts": 9.120000000000001}, {"end_plus_minus": 1.6100892857142863, "relative_median_value": 1.4313381995133818, "end_points_above_median": 1.7571428571428562, "beg_plus_minus": 3.3019717261904775, "end_avg_pts": 7.571428571428571, "points_above_median": 2.6860606060606047, "player": "Gary Barnidge (CLE, TE)", "pts": 133.7, "availability": 1.0, "auction_value": 16.7602525750524, "plus_minus": 2.533851773226772, "end_points_above_top_qtr": -0.8885714285714279, "points_above_top_qtr": 0.09904761904761727, "end_pts": 53.0, "id": "00-0026281", "beg_points_above_top_qtr": 0.6875, "relative_top_qtr_value": 1.0112371690977848, "relative_avg_value": 1.397187725891702, "weeks": 15, "beg_pts": 80.7, "beg_points_above_median": 3.404166666666667, "beg_avg_pts": 10.0875, "avg_pts": 8.913333333333332}, {"end_plus_minus": 4.451160714285715, "relative_median_value": 1.4154327424400417, "end_points_above_median": 4.598214285714285, "beg_plus_minus": -0.10219494047618927, "end_avg_pts": 10.4125, "points_above_median": 2.5870129870129874, "player": "Delanie Walker (TEN, TE)", "pts": 123.4, "availability": 0.9333333333333333, "auction_value": 14.959092201172654, "plus_minus": 2.4348041541791545, "end_points_above_top_qtr": 1.9525000000000006, "points_above_top_qtr": 0.0, "end_pts": 83.3, "id": "00-0024389", "beg_points_above_top_qtr": -2.716666666666667, "relative_top_qtr_value": 1.0, "relative_avg_value": 1.3816617590690998, "weeks": 14, "beg_pts": 40.1, "beg_points_above_median": 0.0, "beg_avg_pts": 6.683333333333334, "avg_pts": 8.814285714285715}, {"end_plus_minus": 2.4986607142857142, "relative_median_value": 1.397080291970803, "end_points_above_median": 2.645714285714284, "beg_plus_minus": 2.0859002976190473, "end_avg_pts": 8.459999999999999, "points_above_median": 2.4727272727272736, "player": "Tyler Eifert (CIN, TE)", "pts": 104.4, "availability": 0.8, "auction_value": 12.169898713852124, "plus_minus": 2.3205184398934406, "end_points_above_top_qtr": 0.0, "points_above_top_qtr": -0.11428571428571388, "end_pts": 42.3, "id": "00-0030549", "beg_points_above_top_qtr": -0.5285714285714302, "relative_top_qtr_value": 0.987034035656402, "relative_avg_value": 1.363747181966097, "weeks": 12, "beg_pts": 62.099999999999994, "beg_points_above_median": 2.1880952380952365, "beg_avg_pts": 8.87142857142857, "avg_pts": 8.700000000000001}, {"end_plus_minus": -0.1470535714285699, "relative_median_value": 1.1401459854014597, "end_points_above_median": 0.0, "beg_plus_minus": 1.4394717261904768, "end_avg_pts": 5.814285714285715, "points_above_median": 0.8727272727272721, "player": "Travis Kelce (KC, TE)", "pts": 106.5, "availability": 1.0, "auction_value": 6.747662639025501, "plus_minus": 0.7205184398934392, "end_points_above_top_qtr": -2.645714285714284, "points_above_top_qtr": -1.7142857142857153, "end_pts": 40.7, "id": "00-0030506", "beg_points_above_top_qtr": -1.1750000000000007, "relative_top_qtr_value": 0.8055105348460291, "relative_avg_value": 1.112943102524056, "weeks": 15, "beg_pts": 65.8, "beg_points_above_median": 1.541666666666666, "beg_avg_pts": 8.225, "avg_pts": 7.1}, {"end_plus_minus": 0.2243750000000002, "relative_median_value": 1.2140145985401458, "end_points_above_median": 0.3714285714285701, "beg_plus_minus": 3.981138392857143, "end_avg_pts": 6.185714285714285, "points_above_median": 1.332727272727272, "player": "Antonio Gates (SD, TE)", "pts": 75.6, "availability": 0.6666666666666666, "auction_value": 5.782503299277467, "plus_minus": 1.1805184398934392, "end_points_above_top_qtr": -2.274285714285714, "points_above_top_qtr": -1.2542857142857153, "end_pts": 43.3, "id": "00-0021547", "beg_points_above_top_qtr": 1.3666666666666654, "relative_top_qtr_value": 0.8576985413290112, "relative_avg_value": 1.1850492753636426, "weeks": 10, "beg_pts": 32.3, "beg_points_above_median": 4.083333333333332, "beg_avg_pts": 10.766666666666666, "avg_pts": 7.56}, {"end_plus_minus": -0.6184821428571423, "relative_median_value": 1.0341605839416057, "end_points_above_median": -0.4714285714285724, "beg_plus_minus": 0.6144717261904775, "end_avg_pts": 5.3428571428571425, "points_above_median": 0.212727272727272, "player": "Benjamin Watson (BAL, TE)", "pts": 96.6, "availability": 1.0, "auction_value": 4.567340981707581, "plus_minus": 0.06051843989343908, "end_points_above_top_qtr": -3.1171428571428565, "points_above_top_qtr": -2.3742857142857154, "end_pts": 37.4, "id": "00-0022943", "beg_points_above_top_qtr": -2.0, "relative_top_qtr_value": 0.7306320907617503, "relative_avg_value": 1.009486419754214, "weeks": 15, "beg_pts": 59.2, "beg_points_above_median": 0.7166666666666668, "beg_avg_pts": 7.4, "avg_pts": 6.4399999999999995}, {"end_plus_minus": -0.7946726190476179, "relative_median_value": 1.0, "end_points_above_median": -0.647619047619048, "beg_plus_minus": -0.16052827380952284, "end_avg_pts": 5.166666666666667, "points_above_median": 0.0, "player": "Jimmy Graham (SEA, TE)", "pts": 68.5, "availability": 0.7333333333333333, "auction_value": 2.9282822684260603, "plus_minus": -0.1522088328338329, "end_points_above_top_qtr": -3.293333333333332, "points_above_top_qtr": -2.5870129870129874, "end_pts": 15.5, "id": "00-0027696", "beg_points_above_top_qtr": -2.7750000000000004, "relative_top_qtr_value": 0.7064977162221895, "relative_avg_value": 0.9761408773738519, "weeks": 11, "beg_pts": 53.0, "beg_points_above_median": -0.05833333333333357, "beg_avg_pts": 6.625, "avg_pts": 6.2272727272727275}, {"end_plus_minus": 1.338660714285715, "relative_median_value": 0.8958289885297184, "end_points_above_median": 1.4857142857142849, "beg_plus_minus": -2.9283854166666656, "end_avg_pts": 7.3,