{"_id": "2016_qb", "year": 2016, "position": "qb", "data": [{"end_plus_minus": 7.042819940476189, "relative_median_value": 1.3331523846452114, "end_points_above_median": 7.8675, "beg_plus_minus": 4.132797619047615, "end_avg_pts": 24.0675, "points_above_median": 5.7280000000000015, "player": "Aaron Rodgers (GB, QB)", "pts": 343.82, "availability": 1.0, "auction_value": 35.54590561370427, "plus_minus": 5.618000000000002, "end_points_above_top_qtr": 4.684642857142858, "points_above_top_qtr": 3.6413333333333355, "end_pts": 192.54, "id": "00-0023459", "beg_points_above_top_qtr": 1.9939285714285724, "relative_top_qtr_value": 1.1888658367911482, "relative_avg_value": 1.3246773261413987, "weeks": 15, "beg_pts": 151.28, "beg_points_above_median": 3.9789285714285754, "beg_avg_pts": 21.611428571428572, "avg_pts": 22.921333333333333}, {"end_plus_minus": 2.358177083333331, "relative_median_value": 1.2176037223730127, "end_points_above_median": 3.1828571428571415, "beg_plus_minus": 4.813869047619043, "end_avg_pts": 19.38285714285714, "points_above_median": 3.7413333333333334, "player": "Matt Ryan (ATL, QB)", "pts": 314.02, "availability": 1.0, "auction_value": 29.651176494732333, "plus_minus": 3.631333333333334, "end_points_above_top_qtr": 0.0, "points_above_top_qtr": 1.6546666666666674, "end_pts": 135.67999999999998, "id": "00-0026143", "beg_points_above_top_qtr": 2.6750000000000007, "relative_top_qtr_value": 1.08582295988935, "relative_avg_value": 1.209863224812175, "weeks": 15, "beg_pts": 178.34, "beg_points_above_median": 4.660000000000004, "beg_avg_pts": 22.2925, "avg_pts": 20.934666666666665}, {"end_plus_minus": 1.7978199404761916, "relative_median_value": 1.2108569212873208, "end_points_above_median": 2.6225000000000023, "beg_plus_minus": 5.621369047619041, "end_avg_pts": 18.8225, "points_above_median": 3.6253333333333337, "player": "Drew Brees (NO, QB)", "pts": 312.28, "availability": 1.0, "auction_value": 29.32348967658818, "plus_minus": 3.5153333333333343, "end_points_above_top_qtr": -0.5603571428571392, "points_above_top_qtr": 1.5386666666666677, "end_pts": 150.58, "id": "00-0020531", "beg_points_above_top_qtr": 3.482499999999998, "relative_top_qtr_value": 1.0798063623789766, "relative_avg_value": 1.2031593141976498, "weeks": 15, "beg_pts": 161.7, "beg_points_above_median": 5.467500000000001, "beg_avg_pts": 23.099999999999998, "avg_pts": 20.818666666666665}, {"end_plus_minus": 2.7919866071428565, "relative_median_value": 1.1846784467955462, "end_points_above_median": 3.616666666666667, "beg_plus_minus": 3.3038690476190453, "end_avg_pts": 19.816666666666666, "points_above_median": 3.175238095238093, "player": "Andrew Luck (IND, QB)", "pts": 285.15999999999997, "availability": 0.9333333333333333, "auction_value": 26.197976416302282, "plus_minus": 3.0652380952380938, "end_points_above_top_qtr": 0.43380952380952564, "points_above_top_qtr": 1.0885714285714272, "end_pts": 118.9, "id": "00-0029668", "beg_points_above_top_qtr": 1.1650000000000027, "relative_top_qtr_value": 1.0564611736810907, "relative_avg_value": 1.1771472603682196, "weeks": 14, "beg_pts": 166.26000000000002, "beg_points_above_median": 3.1500000000000057, "beg_avg_pts": 20.782500000000002, "avg_pts": 20.368571428571425}, {"end_plus_minus": 4.152462797619048, "relative_median_value": 1.1213648701046917, "end_points_above_median": 4.977142857142859, "beg_plus_minus": 0.1413690476190439, "end_avg_pts": 21.177142857142858, "points_above_median": 2.086666666666666, "player": "Kirk Cousins (WAS, QB)", "pts": 289.2, "availability": 1.0, "auction_value": 25.14918343809824, "plus_minus": 1.9766666666666666, "end_points_above_top_qtr": 1.7942857142857171, "points_above_top_qtr": 0.0, "end_pts": 148.24, "id": "00-0029604", "beg_points_above_top_qtr": -1.9974999999999987, "relative_top_qtr_value": 1.0, "relative_avg_value": 1.1142361780003853, "weeks": 15, "beg_pts": 140.96, "beg_points_above_median": -0.012499999999995737, "beg_avg_pts": 17.62, "avg_pts": 19.279999999999998}, {"end_plus_minus": 1.8603199404761916, "relative_median_value": 1.1031407522295464, "end_points_above_median": 2.6850000000000023, "beg_plus_minus": 1.5813690476190452, "end_avg_pts": 18.885, "points_above_median": 1.7733333333333334, "player": "Dak Prescott (DAL, QB)", "pts": 284.5, "availability": 1.0, "auction_value": 24.338390384591392, "plus_minus": 1.663333333333334, "end_points_above_top_qtr": -0.4978571428571392, "points_above_top_qtr": -0.3133333333333326, "end_pts": 151.08, "id": "00-0033077", "beg_points_above_top_qtr": -0.5574999999999974, "relative_top_qtr_value": 0.9837482710926695, "relative_avg_value": 1.096127913696783, "weeks": 15, "beg_pts": 133.42000000000002, "beg_points_above_median": 1.4275000000000055, "beg_avg_pts": 19.060000000000002, "avg_pts": 18.966666666666665}, {"end_plus_minus": 0.07246279761904617, "relative_median_value": 1.011012020162854, "end_points_above_median": 0.8971428571428568, "beg_plus_minus": 0.15386904761903963, "end_avg_pts": 17.097142857142856, "points_above_median": 0.18933333333333735, "player": "Marcus Mariota (TEN, QB)", "pts": 260.74, "availability": 1.0, "auction_value": 20.442906098275504, "plus_minus": 0.07933333333333792, "end_points_above_top_qtr": -2.2857142857142847, "points_above_top_qtr": -1.8973333333333287, "end_pts": 119.67999999999999, "id": "00-0032268", "beg_points_above_top_qtr": -1.985000000000003, "relative_top_qtr_value": 0.901590594744122, "relative_avg_value": 1.0045848584087846, "weeks": 15, "beg_pts": 141.05999999999997, "beg_points_above_median": 0.0, "beg_avg_pts": 17.632499999999997, "avg_pts": 17.38266666666667}, {"end_plus_minus": -2.556108630952382, "relative_median_value": 1.0012407910042653, "end_points_above_median": -1.7314285714285713, "beg_plus_minus": 2.1388690476190426, "end_avg_pts": 14.468571428571428, "points_above_median": 0.021333333333334537, "player": "Derek Carr (OAK, QB)", "pts": 258.21999999999997, "availability": 1.0, "auction_value": 20.04966243141694, "plus_minus": -0.0886666666666649, "end_points_above_top_qtr": -4.914285714285713, "points_above_top_qtr": -2.0653333333333315, "end_pts": 101.28, "id": "00-0031280", "beg_points_above_top_qtr": 0.0, "relative_top_qtr_value": 0.8928769017980637, "relative_avg_value": 0.9948757464842999, "weeks": 15, "beg_pts": 156.94, "beg_points_above_median": 1.985000000000003, "beg_avg_pts": 19.6175, "avg_pts": 17.214666666666666}, {"end_plus_minus": -2.0046800595238103, "relative_median_value": 1.0, "end_points_above_median": -1.1799999999999997, "beg_plus_minus": 1.6163690476190418, "end_avg_pts": 15.02, "points_above_median": 0.0, "player": "Matthew Stafford (DET, QB)", "pts": 257.9, "availability": 1.0, "auction_value": 20.0, "plus_minus": -0.10999999999999943, "end_points_above_top_qtr": -4.362857142857141, "points_above_top_qtr": -2.086666666666666, "end_pts": 105.14, "id": "00-0026498", "beg_points_above_top_qtr": -0.5225000000000009, "relative_top_qtr_value": 0.8917704011065007, "relative_avg_value": 0.9936428433827779, "weeks": 15, "beg_pts": 152.76, "beg_points_above_median": 1.4625000000000021, "beg_avg_pts": 19.095, "avg_pts": 17.19333333333333}, {"end_plus_minus": -0.9046800595238089, "relative_median_value": 1.02265551431895, "end_points_above_median": -0.0799999999999983, "beg_plus_minus": 2.054702380952378, "end_avg_pts": 16.12, "points_above_median": 0.38952380952381205, "player": "Ben Roethlisberger (PIT, QB)", "pts": 246.16, "availability": 0.9333333333333333, "auction_value": 19.522053618049846, "plus_minus": 0.2795238095238126, "end_points_above_top_qtr": -3.26285714285714, "points_above_top_qtr": -1.697142857142854, "end_pts": 128.96, "id": "00-0022924", "beg_points_above_top_qtr": -0.08416666666666472, "relative_top_qtr_value": 0.9119739181979848, "relative_avg_value": 1.0161543330489586, "weeks": 14, "beg_pts": 117.2, "beg_points_above_median": 1.9008333333333383, "beg_avg_pts": 19.533333333333335, "avg_pts": 17.582857142857144}, {"end_plus_minus": -0.8621800595238085,