{"_id": "2011_qb", "year": 2011, "position": "qb", "data": [{"end_plus_minus": 10.313653273809521, "relative_median_value": 1.7513890113766646, "end_points_above_median": 11.514999999999999, "beg_plus_minus": 11.788593749999995, "end_avg_pts": 26.13, "points_above_median": 11.36, "player": "Aaron Rodgers (GB, QB)", "pts": 397.18, "availability": 1.0, "auction_value": 61.347269383418606, "plus_minus": 10.531956578144076, "end_points_above_top_qtr": 5.455714285714279, "points_above_top_qtr": 6.286666666666662, "end_pts": 209.04, "id": "00-0023459", "beg_points_above_top_qtr": 7.107142857142854, "relative_top_qtr_value": 1.3113444268357102, "relative_avg_value": 1.660446983715111, "weeks": 15, "beg_pts": 188.14, "beg_points_above_median": 11.377142857142854, "beg_avg_pts": 26.877142857142854, "avg_pts": 26.478666666666665}, {"end_plus_minus": 10.855081845238093, "relative_median_value": 1.5695387600317492, "end_points_above_median": 12.05642857142857, "beg_plus_minus": 6.066450892857143, "end_avg_pts": 26.67142857142857, "points_above_median": 8.61066666666667, "player": "Drew Brees (NO, QB)", "pts": 355.94000000000005, "availability": 1.0, "auction_value": 49.269038384840016, "plus_minus": 7.782623244810747, "end_points_above_top_qtr": 5.997142857142851, "points_above_top_qtr": 3.5373333333333328, "end_pts": 186.7, "id": "00-0020531", "beg_points_above_top_qtr": 1.3850000000000016, "relative_top_qtr_value": 1.1751848917062861, "relative_avg_value": 1.4880394264151184, "weeks": 15, "beg_pts": 169.24, "beg_points_above_median": 5.655000000000001, "beg_avg_pts": 21.155, "avg_pts": 23.729333333333336}, {"end_plus_minus": 7.355081845238093, "relative_median_value": 1.5615133609665757, "end_points_above_median": 8.55642857142857, "beg_plus_minus": 8.901450892857143, "end_avg_pts": 23.17142857142857, "points_above_median": 8.489333333333335, "player": "Cam Newton (CAR, QB)", "pts": 354.12, "availability": 1.0, "auction_value": 48.76647952954262, "plus_minus": 7.661289911477411, "end_points_above_top_qtr": 2.497142857142851, "points_above_top_qtr": 3.415999999999997, "end_pts": 162.2, "id": "00-0027939", "beg_points_above_top_qtr": 4.220000000000002, "relative_top_qtr_value": 1.1691759112519808, "relative_avg_value": 1.4804307514809285, "weeks": 15, "beg_pts": 191.92000000000002, "beg_points_above_median": 8.490000000000002, "beg_avg_pts": 23.990000000000002, "avg_pts": 23.608}, {"end_plus_minus": 7.871153273809522, "relative_median_value": 1.5122144809947964, "end_points_above_median": 9.0725, "beg_plus_minus": 6.83145089285714, "end_avg_pts": 23.6875, "points_above_median": 7.743999999999996, "player": "Tom Brady (NE, QB)", "pts": 342.93999999999994, "availability": 1.0, "auction_value": 45.73585273060723, "plus_minus": 6.915956578144073, "end_points_above_top_qtr": 3.0132142857142803, "points_above_top_qtr": 2.6706666666666585, "end_pts": 189.5, "id": "00-0019596", "beg_points_above_top_qtr": 2.1499999999999986, "relative_top_qtr_value": 1.1322636027469621, "relative_avg_value": 1.4336917483137623, "weeks": 15, "beg_pts": 153.44, "beg_points_above_median": 6.419999999999998, "beg_avg_pts": 21.919999999999998, "avg_pts": 22.862666666666662}, {"end_plus_minus": 4.857938988095242, "relative_median_value": 1.3355675103624662, "end_points_above_median": 6.0592857142857195, "beg_plus_minus": 4.681450892857141, "end_avg_pts": 20.67428571428572, "points_above_median": 5.073333333333338, "player": "Matthew Stafford (DET, QB)", "pts": 302.88000000000005, "availability": 1.0, "auction_value": 35.674811494715925, "plus_minus": 4.245289911477414, "end_points_above_top_qtr": 0.0, "points_above_top_qtr": 0.0, "end_pts": 144.72000000000003, "id": "00-0026498", "beg_points_above_top_qtr": 0.0, "relative_top_qtr_value": 1.0, "relative_avg_value": 1.2662172879491238, "weeks": 15, "beg_pts": 158.16, "beg_points_above_median": 4.27, "beg_avg_pts": 19.77, "avg_pts": 20.192000000000004}, {"end_plus_minus": 4.4611532738095185, "relative_median_value": 1.1541582150101422, "end_points_above_median": 5.662499999999996, "beg_plus_minus": -0.8714062500000015, "end_avg_pts": 20.277499999999996, "points_above_median": 2.3306666666666693, "player": "Matt Ryan (ATL, QB)", "pts": 261.74, "availability": 1.0, "auction_value": 26.64162370550795, "plus_minus": 1.5026232448107457, "end_points_above_top_qtr": -0.3967857142857234, "points_above_top_qtr": -2.7426666666666684, "end_pts": 162.21999999999997, "id": "00-0026143", "beg_points_above_top_qtr": -5.5528571428571425, "relative_top_qtr_value": 0.8641706286318013, "relative_avg_value": 1.0942277897114487, "weeks": 15, "beg_pts": 99.52, "beg_points_above_median": -1.282857142857143, "beg_avg_pts": 14.217142857142857, "avg_pts": 17.449333333333335}, {"end_plus_minus": -0.06634672619047777, "relative_median_value": 1.1141194108827939, "end_points_above_median": 1.1349999999999998, "beg_plus_minus": 3.0057366071428557, "end_avg_pts": 15.75, "points_above_median": 1.7253333333333316, "player": "Eli Manning (NYG, QB)", "pts": 252.65999999999997, "availability": 1.0, "auction_value": 24.825241234116472, "plus_minus": 0.897289911477408, "end_points_above_top_qtr": -4.92428571428572, "points_above_top_qtr": -3.348000000000006, "end_pts": 126.0, "id": "00-0022803", "beg_points_above_top_qtr": -1.6757142857142853, "relative_top_qtr_value": 0.8341917591125195, "relative_avg_value": 1.0562680268529632, "weeks": 15, "beg_pts": 126.66, "beg_points_above_median": 2.5942857142857143, "beg_avg_pts": 18.094285714285714, "avg_pts": 16.843999999999998}, {"end_plus_minus": 1.3836532738095215, "relative_median_value": 1.0162271805273835, "end_points_above_median": 2.584999999999999, "beg_plus_minus": -1.8228348214285734, "end_avg_pts": 17.2, "points_above_median": 0.24533333333333474, "player": "Philip Rivers (SD, QB)", "pts": 230.46, "availability": 1.0, "auction_value": 20.654353648852705, "plus_minus": -0.5827100885225889, "end_points_above_top_qtr": -3.4742857142857204, "points_above_top_qtr": -4.828000000000003, "end_pts": 137.6, "id": "00-0022942", "beg_points_above_top_qtr": -6.5042857142857144, "relative_top_qtr_value": 0.7608954041204437, "relative_avg_value": 0.9634589150183406, "weeks": 15, "beg_pts": 92.86, "beg_points_above_median": -2.234285714285715, "beg_avg_pts": 13.265714285714285, "avg_pts": 15.364}, {"end_plus_minus": -1.0313467261904776, "relative_median_value": 1.0, "end_points_above_median": 0.16999999999999993, "beg_plus_minus": 0.4114508928571414, "end_avg_pts": 14.785, "points_above_median": 0.0, "player": "Mark Sanchez (CHI, QB)", "pts": 226.78, "availability": 1.0, "auction_value": 20.0, "plus_minus": -0.8280434218559236, "end_points_above_top_qtr": -5.88928571428572, "points_above_top_qtr": -5.073333333333338, "end_pts": 118.28, "id": "00-0026898", "beg_points_above_top_qtr": -4.27, "relative_top_qtr_value": 0.7487453777073426, "relative_avg_value": 0.9480743415250337, "weeks": 15, "beg_pts": 108.5, "beg_points_above_median": 0.0, "beg_avg_pts": 15.5, "avg_pts": 15.118666666666666}, {"end_plus_minus": -3.13968005952381, "relative_median_value": 0.9791112846937877, "end_points_above_median": -1.9383333333333326, "beg_plus_minus": 1.3089508928571387, "end_avg_pts": 12.676666666666668, "points_above_median": -0.31580952380952176, "player": "Ben Roethlisberger (PIT, QB)", "pts": 207.24, "availability": 0.9333333333333333, "auction_value": 17.894966279208095, "plus_minus": -1.1438529456654454, "end_points_above_top_qtr": -7.997619047619052, "points_above_top_qtr": -5.3891428571428595, "end_pts": 76.06, "id": "00-0022924", "beg_points_above_top_qtr": -3.3725000000000023, "relative_top_qtr_value": 0.7331050486755716, "relative_avg_value": 0.9282702865157926, "weeks": 14, "beg_pts": 131.17999999999998, "beg_points_above_median": 0.8974999999999973, "beg_avg_pts": 16.397499999999997, "avg_pts": 14.802857142857144}, {"end_plus_minus": -4.536346726190478, "relative_median_value": 0.9004321368727402, "end_points_above_median": -3.335000000000001,