{"_id": "2011_te", "year": 2011, "position": "te", "data": [{"end_plus_minus": 12.464732142857144, "relative_median_value": 2.699257425742574, "end_points_above_median": 11.750000000000004, "beg_plus_minus": 6.5541294642857135, "end_avg_pts": 17.325000000000003, "points_above_median": 9.153333333333332, "player": "Rob Gronkowski (NE, TE)", "pts": 218.1, "availability": 1.0, "auction_value": 145.71981300852852, "plus_minus": 9.673866758241758, "end_points_above_top_qtr": 9.78214285714286, "points_above_top_qtr": 7.739999999999998, "end_pts": 138.60000000000002, "id": "00-0027656", "beg_points_above_top_qtr": 4.507142857142857, "relative_top_qtr_value": 2.1382352941176466, "relative_avg_value": 2.9879987410181092, "weeks": 15, "beg_pts": 79.5, "beg_points_above_median": 6.457142857142858, "beg_avg_pts": 11.357142857142858, "avg_pts": 14.54}, {"end_plus_minus": 6.282589285714285, "relative_median_value": 2.219059405940594, "end_points_above_median": 5.567857142857142, "beg_plus_minus": 7.8594866071428555, "end_avg_pts": 11.142857142857142, "points_above_median": 6.566666666666668, "player": "Jimmy Graham (SEA, TE)", "pts": 179.3, "availability": 1.0, "auction_value": 98.48449294186847, "plus_minus": 7.087200091575093, "end_points_above_top_qtr": 3.5999999999999996, "points_above_top_qtr": 5.153333333333334, "end_pts": 78.0, "id": "00-0027696", "beg_points_above_top_qtr": 5.812499999999999, "relative_top_qtr_value": 1.757843137254902, "relative_avg_value": 2.45643362798967, "weeks": 15, "beg_pts": 101.3, "beg_points_above_median": 7.7625, "beg_avg_pts": 12.6625, "avg_pts": 11.953333333333335}, {"end_plus_minus": 1.5897321428571427, "relative_median_value": 1.4517326732673266, "end_points_above_median": 0.875, "beg_plus_minus": 4.582700892857142, "end_avg_pts": 6.45, "points_above_median": 2.4333333333333327, "player": "Jason Witten (DAL, TE)", "pts": 117.3, "availability": 1.0, "auction_value": 42.15055509263797, "plus_minus": 2.953866758241757, "end_points_above_top_qtr": -1.0928571428571425, "points_above_top_qtr": 1.0199999999999987, "end_pts": 51.6, "id": "00-0022127", "beg_points_above_top_qtr": 2.5357142857142856, "relative_top_qtr_value": 1.1499999999999997, "relative_avg_value": 1.6070254576864935, "weeks": 15, "beg_pts": 65.7, "beg_points_above_median": 4.485714285714287, "beg_avg_pts": 9.385714285714286, "avg_pts": 7.819999999999999}, {"end_plus_minus": 4.777232142857142, "relative_median_value": 1.5965346534653464, "end_points_above_median": 4.062499999999999, "beg_plus_minus": 1.7219866071428562, "end_avg_pts": 9.6375, "points_above_median": 3.213333333333333, "player": "Antonio Gates (SD, TE)", "pts": 103.2, "availability": 0.8, "auction_value": 40.78276639545142, "plus_minus": 3.7338667582417573, "end_points_above_top_qtr": 2.0946428571428566, "points_above_top_qtr": 1.799999999999999, "end_pts": 77.1, "id": "00-0021547", "beg_points_above_top_qtr": -0.3250000000000002, "relative_top_qtr_value": 1.264705882352941, "relative_avg_value": 1.7673169995017703, "weeks": 12, "beg_pts": 26.1, "beg_points_above_median": 1.6250000000000009, "beg_avg_pts": 6.525, "avg_pts": 8.6}, {"end_plus_minus": 1.8397321428571427, "relative_median_value": 1.2487623762376239, "end_points_above_median": 1.125, "beg_plus_minus": 1.954129464285713, "end_avg_pts": 6.7, "points_above_median": 1.3400000000000007, "player": "Vernon Davis (WAS, TE)", "pts": 100.9, "availability": 1.0, "auction_value": 31.188149446132737, "plus_minus": 1.860533424908425, "end_points_above_top_qtr": -0.8428571428571425, "points_above_top_qtr": -0.07333333333333325, "end_pts": 53.6, "id": "00-0024221", "beg_points_above_top_qtr": -0.09285714285714342, "relative_top_qtr_value": 0.9892156862745098, "relative_avg_value": 1.3823432965095244, "weeks": 15, "beg_pts": 47.3, "beg_points_above_median": 1.8571428571428577, "beg_avg_pts": 6.757142857142857, "avg_pts": 6.7266666666666675}, {"end_plus_minus": 3.0897321428571427, "relative_median_value": 1.1943069306930694, "end_points_above_median": 2.375, "beg_plus_minus": -0.10301339285714395, "end_avg_pts": 7.95, "points_above_median": 1.0466666666666669, "player": "Brent Celek (PHI, TE)", "pts": 96.5, "availability": 1.0, "auction_value": 28.527380894030003, "plus_minus": 1.5672000915750912, "end_points_above_top_qtr": 0.4071428571428575, "points_above_top_qtr": -0.36666666666666714, "end_pts": 63.6, "id": "00-0025549", "beg_points_above_top_qtr": -2.1500000000000004, "relative_top_qtr_value": 0.946078431372549, "relative_avg_value": 1.322062716681557, "weeks": 15, "beg_pts": 32.9, "beg_points_above_median": -0.1999999999999993, "beg_avg_pts": 4.7, "avg_pts": 6.433333333333334}, {"end_plus_minus": 1.8968749999999996, "relative_median_value": 1.2623762376237624, "end_points_above_median": 1.182142857142857, "beg_plus_minus": 2.0469866071428564, "end_avg_pts": 6.757142857142857, "points_above_median": 1.413333333333334, "player": "Jermaine Gresham (ARI, TE)", "pts": 88.4, "availability": 0.8666666666666667, "auction_value": 27.622291932163513, "plus_minus": 1.9338667582417584, "end_points_above_top_qtr": -0.7857142857142856, "points_above_top_qtr": 0.0, "end_pts": 47.3, "id": "00-0027873", "beg_points_above_top_qtr": 0.0, "relative_top_qtr_value": 1.0, "relative_avg_value": 1.3974134414665162, "weeks": 13, "beg_pts": 41.1, "beg_points_above_median": 1.950000000000001, "beg_avg_pts": 6.8500000000000005, "avg_pts": 6.800000000000001}, {"end_plus_minus": 0.7147321428571427, "relative_median_value": 1.0346534653465347, "end_points_above_median": 0.0, "beg_plus_minus": 0.768415178571427, "end_avg_pts": 5.575, "points_above_median": 0.18666666666666654, "player": "Jared Cook (OAK, TE)", "pts": 83.6, "availability": 1.0, "auction_value": 21.410155867071857, "plus_minus": 0.7072000915750909, "end_points_above_top_qtr": -1.9678571428571425, "points_above_top_qtr": -1.2266666666666675, "end_pts": 44.6, "id": "00-0027061", "beg_points_above_top_qtr": -1.2785714285714294, "relative_top_qtr_value": 0.8196078431372548, "relative_avg_value": 1.14533101673138, "weeks": 15, "beg_pts": 39.0, "beg_points_above_median": 0.6714285714285717, "beg_avg_pts": 5.571428571428571, "avg_pts": 5.573333333333333}, {"end_plus_minus": -1.703125, "relative_median_value": 1.0148514851485149, "end_points_above_median": -2.4178571428571427, "beg_plus_minus": 2.6844866071428557, "end_avg_pts": 3.1571428571428575, "points_above_median": 0.08000000000000007, "player": "Greg Olsen (CAR, TE)", "pts": 82.0, "availability": 1.0, "auction_value": 20.598470738162927, "plus_minus": 0.6005334249084244, "end_points_above_top_qtr": -4.385714285714285, "points_above_top_qtr": -1.333333333333334, "end_pts": 22.1, "id": "00-0025418", "beg_points_above_top_qtr": 0.6374999999999993, "relative_top_qtr_value": 0.8039215686274509, "relative_avg_value": 1.1234108058848464, "weeks": 15, "beg_pts": 59.9, "beg_points_above_median": 2.5875000000000004, "beg_avg_pts": 7.4875, "avg_pts": 5.466666666666667}, {"end_plus_minus": 1.1272321428571423, "relative_median_value": 1.0, "end_points_above_median": 0.41249999999999964, "beg_plus_minus": -0.10301339285714395, "end_avg_pts": 5.9875, "points_above_median": 0.0, "player": "Ed Dickson (CAR, TE)", "pts": 80.8, "availability": 1.0, "auction_value": 20.0, "plus_minus": 0.5205334249084244, "end_points_above_top_qtr": -1.5553571428571429, "points_above_top_qtr": -1.413333333333334, "end_pts": 47.9, "id": "00-0027675", "beg_points_above_top_qtr": -2.1500000000000004, "relative_top_qtr_value": 0.792156862745098, "relative_avg_value": 1.1069706477499461, "weeks": 15, "beg_pts": 32.9, "beg_points_above_median": -0.1999999999999993, "beg_avg_pts": 4.7, "avg_pts": 5.386666666666667}, {"end_plus_minus": 2.6825892857142852, "relative_median_value": 0.9812588401697312, "end_points_above_median": 1.9678571428571425, "beg_plus_minus": -1.7744419642857157, "end_avg_pts": 7.542857142857143, "points_above_median": -0.10095238095238113, "player": "Anthony Fasano (MIA, TE)", "pts": 74.0,