{"_id": "2011_rb", "year": 2011, "position": "rb", "data": [{"end_plus_minus": 10.809892857142856, "relative_median_value": 2.1114457831325297, "end_points_above_median": 8.079999999999998, "beg_plus_minus": 14.290452380952384, "end_avg_pts": 16.4, "points_above_median": 9.839999999999998, "player": "LeSean McCoy (BUF, RB)", "pts": 280.4, "availability": 1.0, "auction_value": 111.45508237770355, "plus_minus": 11.376420940170938, "end_points_above_top_qtr": 5.1, "points_above_top_qtr": 4.635, "end_pts": 131.2, "id": "00-0027029", "beg_points_above_top_qtr": 6.871428571428572, "relative_top_qtr_value": 1.3296976882039122, "relative_avg_value": 2.5548116922654596, "weeks": 15, "beg_pts": 149.20000000000002, "beg_points_above_median": 13.214285714285717, "beg_avg_pts": 21.314285714285717, "avg_pts": 18.69333333333333}, {"end_plus_minus": 14.147392857142858, "relative_median_value": 1.666039156626506, "end_points_above_median": 11.4175, "beg_plus_minus": 1.0761666666666665, "end_avg_pts": 19.7375, "points_above_median": 5.8966666666666665, "player": "Marshawn Lynch (OAK, RB)", "pts": 206.5, "availability": 0.9333333333333333, "auction_value": 64.76601766629773, "plus_minus": 7.4330876068376055, "end_points_above_top_qtr": 8.437500000000002, "points_above_top_qtr": 0.6916666666666682, "end_pts": 157.9, "id": "00-0025399", "beg_points_above_top_qtr": -6.342857142857145, "relative_top_qtr_value": 1.049199762892709, "relative_avg_value": 2.0158776280803603, "weeks": 14, "beg_pts": 48.599999999999994, "beg_points_above_median": 0.0, "beg_avg_pts": 8.1, "avg_pts": 14.75}, {"end_plus_minus": 3.634892857142857, "relative_median_value": 1.7808734939759037, "end_points_above_median": 0.9049999999999994, "beg_plus_minus": 12.01366666666667, "end_avg_pts": 9.225, "points_above_median": 6.913333333333334, "player": "Adrian Peterson (NO, RB)", "pts": 189.20000000000002, "availability": 0.8, "auction_value": 63.43020803091886, "plus_minus": 8.449754273504272, "end_points_above_top_qtr": -2.0749999999999993, "points_above_top_qtr": 1.7083333333333357, "end_pts": 36.9, "id": "00-0025394", "beg_points_above_top_qtr": 4.594642857142857, "relative_top_qtr_value": 1.1215174866627151, "relative_avg_value": 2.154825125609063, "weeks": 12, "beg_pts": 152.3, "beg_points_above_median": 10.937500000000002, "beg_avg_pts": 19.0375, "avg_pts": 15.766666666666667}, {"end_plus_minus": 6.624178571428571, "relative_median_value": 1.5054862306368328, "end_points_above_median": 3.8942857142857132, "beg_plus_minus": 7.419023809523812, "end_avg_pts": 12.214285714285714, "points_above_median": 4.475238095238094, "player": "Ryan Mathews (PHI, RB)", "pts": 186.6, "availability": 0.9333333333333333, "auction_value": 52.88473844819898, "plus_minus": 6.011659035409033, "end_points_above_top_qtr": 0.9142857142857146, "points_above_top_qtr": -0.7297619047619044, "end_pts": 85.5, "id": "00-0027864", "beg_points_above_top_qtr": 0.0, "relative_top_qtr_value": 0.9480904394953003, "relative_avg_value": 1.8216114547205577, "weeks": 14, "beg_pts": 101.10000000000001, "beg_points_above_median": 6.342857142857145, "beg_avg_pts": 14.442857142857145, "avg_pts": 13.328571428571427}, {"end_plus_minus": 2.7298928571428576, "relative_median_value": 1.5879141566265058, "end_points_above_median": 0.0, "beg_plus_minus": 11.133309523809523, "end_avg_pts": 8.32, "points_above_median": 5.204999999999998, "player": "Matt Forte (NYJ, RB)", "pts": 168.7, "availability": 0.8, "auction_value": 50.42942737629735, "plus_minus": 6.741420940170937, "end_points_above_top_qtr": -2.9799999999999986, "points_above_top_qtr": 0.0, "end_pts": 41.6, "id": "00-0026184", "beg_points_above_top_qtr": 3.71428571428571, "relative_top_qtr_value": 1.0, "relative_avg_value": 1.9213477732042754, "weeks": 12, "beg_pts": 127.1, "beg_points_above_median": 10.057142857142855, "beg_avg_pts": 18.157142857142855, "avg_pts": 14.058333333333332}, {"end_plus_minus": 3.7848928571428573, "relative_median_value": 1.322289156626506, "end_points_above_median": 1.0549999999999997, "beg_plus_minus": 7.347595238095237, "end_avg_pts": 9.375, "points_above_median": 2.8533333333333335, "player": "Frank Gore (IND, RB)", "pts": 175.6, "availability": 1.0, "auction_value": 43.711215343300914, "plus_minus": 4.3897542735042725, "end_points_above_top_qtr": -1.924999999999999, "points_above_top_qtr": -2.351666666666665, "end_pts": 75.0, "id": "00-0023500", "beg_points_above_top_qtr": -0.07142857142857473, "relative_top_qtr_value": 0.8327208061647897, "relative_avg_value": 1.5999462666255877, "weeks": 15, "beg_pts": 100.6, "beg_points_above_median": 6.2714285714285705, "beg_avg_pts": 14.37142857142857, "avg_pts": 11.706666666666667}, {"end_plus_minus": 5.709892857142856, "relative_median_value": 1.2989457831325302, "end_points_above_median": 2.9799999999999986, "beg_plus_minus": 4.651166666666668, "end_avg_pts": 11.299999999999999, "points_above_median": 2.6466666666666665, "player": "Darren Sproles (PHI, RB)", "pts": 172.5, "availability": 1.0, "auction_value": 42.181503687944556, "plus_minus": 4.1830876068376055, "end_points_above_top_qtr": 0.0, "points_above_top_qtr": -2.558333333333332, "end_pts": 79.1, "id": "00-0023564", "beg_points_above_top_qtr": -2.767857142857144, "relative_top_qtr_value": 0.8180201541197393, "relative_avg_value": 1.5717012015541791, "weeks": 15, "beg_pts": 93.4, "beg_points_above_median": 3.575000000000001, "beg_avg_pts": 11.675, "avg_pts": 11.5}, {"end_plus_minus": -5.590107142857143, "relative_median_value": 1.6910499139414803, "end_points_above_median": -8.32, "beg_plus_minus": 7.94759523809524, "end_avg_pts": 0, "points_above_median": 6.11809523809524, "player": "Darren McFadden (DAL, RB)", "pts": 104.80000000000001, "availability": 0.4666666666666667, "auction_value": 33.36258113348403, "plus_minus": 7.654516178266179, "end_points_above_top_qtr": -11.299999999999999, "points_above_top_qtr": 0.9130952380952415, "end_pts": 0, "id": "00-0026144", "beg_points_above_top_qtr": 0.5285714285714285, "relative_top_qtr_value": 1.0649504615124061, "relative_avg_value": 2.0461401977997267, "weeks": 7, "beg_pts": 104.80000000000001, "beg_points_above_median": 6.871428571428574, "beg_avg_pts": 14.971428571428573, "avg_pts": 14.971428571428573}, {"end_plus_minus": 3.8527499999999986, "relative_median_value": 1.0, "end_points_above_median": 1.122857142857141, "beg_plus_minus": 1.3136666666666672, "end_avg_pts": 9.442857142857141, "points_above_median": 0.0, "player": "Jonathan Stewart (CAR, RB)", "pts": 132.8, "availability": 1.0, "auction_value": 25.0, "plus_minus": 1.536420940170939, "end_points_above_top_qtr": -1.8571428571428577, "points_above_top_qtr": -5.204999999999998, "end_pts": 66.1, "id": "00-0026153", "beg_points_above_top_qtr": -6.1053571428571445, "relative_top_qtr_value": 0.6297569650266747, "relative_avg_value": 1.2099821424138841, "weeks": 15, "beg_pts": 66.7, "beg_points_above_median": 0.2375000000000007, "beg_avg_pts": 8.3375, "avg_pts": 8.853333333333333}, {"end_plus_minus": 6.393226190476192, "relative_median_value": 1.040894346617238, "end_points_above_median": 3.663333333333334, "beg_plus_minus": -0.18097619047619062, "end_avg_pts": 11.983333333333334, "points_above_median": 0.3620512820512811, "player": "DeMarco Murray (TEN, RB)", "pts": 119.8, "availability": 0.8666666666666667, "auction_value": 23.474989217760747, "plus_minus": 1.8984722222222201, "end_points_above_top_qtr": 0.6833333333333353, "points_above_top_qtr": -4.842948717948717, "end_pts": 71.9, "id": "00-0028009", "beg_points_above_top_qtr": -7.600000000000002, "relative_top_qtr_value": 0.6555104646390953, "relative_avg_value": 1.2594635715464257, "weeks": 13, "beg_pts": 47.9, "beg_points_above_median": -1.2571428571428571, "beg_avg_pts": 6.8428571428571425, "avg_pts": 9.215384615384615}, {"end_plus_minus": 1.6223928571428576, "relative_median_value": 0.9931070435588508, "end_points_above_median": -1.1075, "beg_plus_minus": 4.296166666666665, "end_avg_pts": 7.2125,