{"_id": "2011_rb", "year": 2011, "position": "rb", "data": [{"end_plus_minus": 14.690773809523808, "relative_median_value": 2.1114457831325297, "end_points_above_median": 8.079999999999998, "beg_plus_minus": 19.463469742063495, "end_avg_pts": 16.4, "points_above_median": 9.839999999999998, "player": "LeSean McCoy (BUF, RB)", "pts": 280.4, "availability": 1.0, "auction_value": 89.16406590216283, "plus_minus": 16.543652574277573, "end_points_above_top_qtr": 5.1, "points_above_top_qtr": 4.635, "end_pts": 131.2, "id": "00-0027029", "beg_points_above_top_qtr": 6.871428571428572, "relative_top_qtr_value": 1.3296976882039122, "relative_avg_value": 8.695864841598304, "weeks": 15, "beg_pts": 149.20000000000002, "beg_points_above_median": 13.214285714285717, "beg_avg_pts": 21.314285714285717, "avg_pts": 18.69333333333333}, {"end_plus_minus": 18.02827380952381, "relative_median_value": 1.666039156626506, "end_points_above_median": 11.4175, "beg_plus_minus": 6.249184027777778, "end_avg_pts": 19.7375, "points_above_median": 5.8966666666666665, "player": "Marshawn Lynch (OAK, RB)", "pts": 206.5, "availability": 0.9333333333333333, "auction_value": 51.81281413303818, "plus_minus": 12.600319240944241, "end_points_above_top_qtr": 8.437500000000002, "points_above_top_qtr": 0.6916666666666682, "end_pts": 157.9, "id": "00-0025399", "beg_points_above_top_qtr": -6.342857142857145, "relative_top_qtr_value": 1.049199762892709, "relative_avg_value": 6.861483937958719, "weeks": 14, "beg_pts": 48.599999999999994, "beg_points_above_median": 0.0, "beg_avg_pts": 8.1, "avg_pts": 14.75}, {"end_plus_minus": 7.515773809523809, "relative_median_value": 1.7808734939759037, "end_points_above_median": 0.9049999999999994, "beg_plus_minus": 17.18668402777778, "end_avg_pts": 9.225, "points_above_median": 6.913333333333334, "player": "Adrian Peterson (NO, RB)", "pts": 189.20000000000002, "availability": 0.8, "auction_value": 50.744166424735084, "plus_minus": 13.616985907610909, "end_points_above_top_qtr": -2.0749999999999993, "points_above_top_qtr": 1.7083333333333357, "end_pts": 36.9, "id": "00-0025394", "beg_points_above_top_qtr": 4.594642857142857, "relative_top_qtr_value": 1.1215174866627151, "relative_avg_value": 7.334422378880168, "weeks": 12, "beg_pts": 152.3, "beg_points_above_median": 10.937500000000002, "beg_avg_pts": 19.0375, "avg_pts": 15.766666666666667}, {"end_plus_minus": 10.505059523809523, "relative_median_value": 1.5054862306368328, "end_points_above_median": 3.8942857142857132, "beg_plus_minus": 12.592041170634923, "end_avg_pts": 12.214285714285714, "points_above_median": 4.475238095238094, "player": "Ryan Mathews (PHI, RB)", "pts": 186.6, "availability": 0.9333333333333333, "auction_value": 42.307790758559186, "plus_minus": 11.178890669515669, "end_points_above_top_qtr": 0.9142857142857146, "points_above_top_qtr": -0.7297619047619044, "end_pts": 85.5, "id": "00-0027864", "beg_points_above_top_qtr": 0.0, "relative_top_qtr_value": 0.9480904394953003, "relative_avg_value": 6.200256188005312, "weeks": 14, "beg_pts": 101.10000000000001, "beg_points_above_median": 6.342857142857145, "beg_avg_pts": 14.442857142857145, "avg_pts": 13.328571428571427}, {"end_plus_minus": 6.61077380952381, "relative_median_value": 1.5879141566265058, "end_points_above_median": 0.0, "beg_plus_minus": 16.306326884920633, "end_avg_pts": 8.32, "points_above_median": 5.204999999999998, "player": "Matt Forte (NYJ, RB)", "pts": 168.7, "availability": 0.8, "auction_value": 40.343541901037874, "plus_minus": 11.908652574277573, "end_points_above_top_qtr": -2.9799999999999986, "points_above_top_qtr": 0.0, "end_pts": 41.6, "id": "00-0026184", "beg_points_above_top_qtr": 3.71428571428571, "relative_top_qtr_value": 1.0, "relative_avg_value": 6.5397307363482255, "weeks": 12, "beg_pts": 127.1, "beg_points_above_median": 10.057142857142855, "beg_avg_pts": 18.157142857142855, "avg_pts": 14.058333333333332}, {"end_plus_minus": 7.6657738095238095, "relative_median_value": 1.322289156626506, "end_points_above_median": 1.0549999999999997, "beg_plus_minus": 12.520612599206348, "end_avg_pts": 9.375, "points_above_median": 2.8533333333333335, "player": "Frank Gore (IND, RB)", "pts": 175.6, "availability": 1.0, "auction_value": 34.968972274640734, "plus_minus": 9.556985907610908, "end_points_above_top_qtr": -1.924999999999999, "points_above_top_qtr": -2.351666666666665, "end_pts": 75.0, "id": "00-0023500", "beg_points_above_top_qtr": -0.07142857142857473, "relative_top_qtr_value": 0.8327208061647897, "relative_avg_value": 5.445769850872548, "weeks": 15, "beg_pts": 100.6, "beg_points_above_median": 6.2714285714285705, "beg_avg_pts": 14.37142857142857, "avg_pts": 11.706666666666667}, {"end_plus_minus": 9.590773809523808, "relative_median_value": 1.2989457831325302, "end_points_above_median": 2.9799999999999986, "beg_plus_minus": 9.824184027777779, "end_avg_pts": 11.299999999999999, "points_above_median": 2.6466666666666665, "player": "Darren Sproles (PHI, RB)", "pts": 172.5, "availability": 1.0, "auction_value": 33.74520295035565, "plus_minus": 9.350319240944241, "end_points_above_top_qtr": 0.0, "points_above_top_qtr": -2.558333333333332, "end_pts": 79.1, "id": "00-0023564", "beg_points_above_top_qtr": -2.767857142857144, "relative_top_qtr_value": 0.8180201541197393, "relative_avg_value": 5.349631544849172, "weeks": 15, "beg_pts": 93.4, "beg_points_above_median": 3.575000000000001, "beg_avg_pts": 11.675, "avg_pts": 11.5}, {"end_plus_minus": -1.7092261904761903, "relative_median_value": 1.6910499139414803, "end_points_above_median": -8.32, "beg_plus_minus": 13.120612599206352, "end_avg_pts": 0, "points_above_median": 6.11809523809524, "player": "Darren McFadden (DAL, RB)", "pts": 104.80000000000001, "availability": 0.4666666666666667, "auction_value": 26.69006490678722, "plus_minus": 12.821747812372815, "end_points_above_top_qtr": -11.299999999999999, "points_above_top_qtr": 0.9130952380952415, "end_pts": 0, "id": "00-0026144", "beg_points_above_top_qtr": 0.5285714285714285, "relative_top_qtr_value": 1.0649504615124061, "relative_avg_value": 6.96448926584091, "weeks": 7, "beg_pts": 104.80000000000001, "beg_points_above_median": 6.871428571428574, "beg_avg_pts": 14.971428571428573, "avg_pts": 14.971428571428573}, {"end_plus_minus": 7.733630952380951, "relative_median_value": 1.0, "end_points_above_median": 1.122857142857141, "beg_plus_minus": 6.486684027777779, "end_avg_pts": 9.442857142857141, "points_above_median": 0.0, "player": "Jonathan Stewart (CAR, RB)", "pts": 132.8, "availability": 1.0, "auction_value": 20.0, "plus_minus": 6.703652574277575, "end_points_above_top_qtr": -1.8571428571428577, "points_above_top_qtr": -5.204999999999998, "end_pts": 66.1, "id": "00-0026153", "beg_points_above_top_qtr": -6.1053571428571445, "relative_top_qtr_value": 0.6297569650266747, "relative_avg_value": 4.118440980614318, "weeks": 15, "beg_pts": 66.7, "beg_points_above_median": 0.2375000000000007, "beg_avg_pts": 8.3375, "avg_pts": 8.853333333333333}, {"end_plus_minus": 10.274107142857144, "relative_median_value": 1.040894346617238, "end_points_above_median": 3.663333333333334, "beg_plus_minus": 4.992041170634921, "end_avg_pts": 11.983333333333334, "points_above_median": 0.3620512820512811, "player": "DeMarco Murray (TEN, RB)", "pts": 119.8, "availability": 0.8666666666666667, "auction_value": 18.7799913742086, "plus_minus": 7.065703856328856, "end_points_above_top_qtr": 0.6833333333333353, "points_above_top_qtr": -4.842948717948717, "end_pts": 71.9, "id": "00-0028009", "beg_points_above_top_qtr": -7.600000000000002, "relative_top_qtr_value": 0.6555104646390953, "relative_avg_value": 4.286861933598199, "weeks": 13, "beg_pts": 47.9, "beg_points_above_median": -1.2571428571428571, "beg_avg_pts": 6.8428571428571425, "avg_pts": 9.215384615384615}, {"end_plus_minus": 5.50327380952381, "relative_median_value": 0.9931070435588508, "end_points_above_median": -1.1075, "beg_plus_minus": 9.469184027777777, "end_avg_pts": 7.2125,